,Tank,Product,Time,Volume
0,310,A,0,86.0
1,310,A,1,86.0
2,310,A,2,86.0
3,310,A,3,86.0
4,310,A,4,86.0
5,310,A,5,86.0
6,310,A,6,86.0
7,310,A,7,86.0
8,310,A,8,86.0
9,310,A,9,86.0
10,310,A,10,86.0
11,310,A,11,86.0
12,310,A,12,86.0
13,310,A,13,86.0
14,310,A,14,86.0
15,310,A,15,86.0
16,310,A,16,86.0
17,310,A,17,86.0
18,310,A,18,86.0
19,310,A,19,86.0
20,310,A,20,86.0
21,310,A,21,86.0
22,310,A,22,86.0
23,310,A,23,86.0
24,310,A,24,86.0
25,310,A,25,86.0
26,310,A,26,86.0
27,310,A,27,86.0
28,310,A,28,86.0
29,310,A,29,86.0
30,310,A,30,86.0
31,310,A,31,86.0
32,310,A,32,86.0
33,310,A,33,86.0
34,310,A,34,86.0
35,310,A,35,86.0
36,310,A,36,86.0
37,310,A,37,86.0
38,310,A,38,86.0
39,310,A,39,86.0
40,310,A,40,86.0
41,310,A,41,86.0
42,310,A,42,86.0
43,310,A,43,86.0
44,310,A,44,86.0
45,310,A,45,86.0
46,310,A,46,86.0
47,310,A,47,86.0
48,310,A,48,86.0
49,310,A,49,86.0
50,310,A,50,86.0
51,310,A,51,86.0
52,310,A,52,86.0
53,310,A,53,86.0
54,310,A,54,86.0
55,310,A,55,86.0
56,310,A,56,86.0
57,310,A,57,86.0
58,310,A,58,86.0
59,310,A,59,86.0
60,310,A,60,86.0
61,310,A,61,86.0
62,310,A,62,86.0
63,310,A,63,86.0
64,310,A,64,86.0
65,310,A,65,86.0
66,310,A,66,86.0
67,310,A,67,86.0
68,310,A,68,86.0
69,310,A,69,86.0
70,310,A,70,86.0
71,310,A,71,86.0
72,310,A,72,86.0
73,310,A,73,86.0
74,310,A,74,86.0
75,310,A,75,86.0
76,310,A,76,86.0
77,310,A,77,86.0
78,310,A,78,86.0
79,310,A,79,86.0
80,310,A,80,86.0
81,310,A,81,86.0
82,310,A,82,86.0
83,310,A,83,86.0
84,310,A,84,86.0
85,310,A,85,86.0
86,310,A,86,86.0
87,310,A,87,86.0
88,310,A,88,86.0
89,310,A,89,86.0
90,310,A,90,86.0
91,310,A,91,86.0
92,310,A,92,86.0
93,310,A,93,86.0
94,310,A,94,86.0
95,310,A,95,86.0
96,310,A,96,86.0
97,310,A,97,86.0
98,310,A,98,86.0
99,310,A,99,86.0
100,310,A,100,86.0
101,310,A,101,86.0
102,310,A,102,86.0
103,310,A,103,86.0
104,310,A,104,86.0
105,310,A,105,86.0
106,310,A,106,86.0
107,310,A,107,86.0
108,310,A,108,86.0
109,310,A,109,86.0
110,310,A,110,86.0
111,310,A,111,86.0
112,310,A,112,86.0
113,310,A,113,86.0
114,310,A,114,86.0
115,310,A,115,86.0
116,310,A,116,86.0
117,310,A,117,86.0
118,310,A,118,86.0
119,310,A,119,86.0
120,310,A,120,86.0
121,310,A,121,86.0
122,310,A,122,86.0
123,310,A,123,86.0
124,310,A,124,86.0
125,310,A,125,86.0
126,310,A,126,86.0
127,310,A,127,86.0
128,310,A,128,86.0
129,310,A,129,86.0
130,310,A,130,86.0
131,310,A,131,86.0
132,311,A,0,5.0
133,311,A,1,5.0
134,311,A,2,5.0
135,311,A,3,5.0
136,311,A,4,5.0
137,311,A,5,5.0
138,311,A,6,5.0
139,311,A,7,5.0
140,311,A,8,5.0
141,311,A,9,5.0
142,311,A,10,5.0
143,311,A,11,5.0
144,311,A,12,5.0
145,311,A,13,5.0
146,311,A,14,5.0
147,311,A,15,5.0
148,311,A,16,5.0
149,311,A,17,5.0
150,311,A,18,5.0
151,311,A,19,5.0
152,311,A,20,5.0
153,311,A,21,5.0
154,311,A,22,5.0
155,311,A,23,5.0
156,311,A,24,5.0
157,311,A,25,5.0
158,311,A,26,5.0
159,311,A,27,5.0
160,311,A,28,5.0
161,311,A,29,5.0
162,311,A,30,5.0
163,311,A,31,5.0
164,311,A,32,5.0
165,311,A,33,5.0
166,311,A,34,5.0
167,311,A,35,5.0
168,311,A,36,5.0
169,311,A,37,5.0
170,311,A,38,5.0
171,311,A,39,5.0
172,311,A,40,5.0
173,311,A,41,5.0
174,311,A,42,5.0
175,311,A,43,5.0
176,311,A,44,5.0
177,311,A,45,5.0
178,311,A,46,5.0
179,311,A,47,5.0
180,311,A,48,5.0
181,311,A,49,5.0
182,311,A,50,5.0
183,311,A,51,5.0
184,311,A,52,5.0
185,311,A,53,5.0
186,311,A,54,5.0
187,311,A,55,5.0
188,311,A,56,5.0
189,311,A,57,5.0
190,311,A,58,5.0
191,311,A,59,5.0
192,311,A,60,5.0
193,311,A,61,5.0
194,311,A,62,5.0
195,311,A,63,5.0
196,311,A,64,5.0
197,311,A,65,5.0
198,311,A,66,5.0
199,311,A,67,5.0
200,311,A,68,5.0
201,311,A,69,5.0
202,311,A,70,5.0
203,311,A,71,5.0
204,311,A,72,5.0
205,311,A,73,5.0
206,311,A,74,5.0
207,311,A,75,5.0
208,311,A,76,5.0
209,311,A,77,5.0
210,311,A,78,5.0
211,311,A,79,5.0
212,311,A,80,5.0
213,311,A,81,5.0
214,311,A,82,5.0
215,311,A,83,5.0
216,311,A,84,5.0
217,311,A,85,5.0
218,311,A,86,5.0
219,311,A,87,5.0
220,311,A,88,5.0
221,311,A,89,5.0
222,311,A,90,5.0
223,311,A,91,5.0
224,311,A,92,5.0
225,311,A,93,5.0
226,311,A,94,5.0
227,311,A,95,5.0
228,311,A,96,5.0
229,311,A,97,5.0
230,311,A,98,5.0
231,311,A,99,5.0
232,311,A,100,5.0
233,311,A,101,5.0
234,311,A,102,5.0
235,311,A,103,5.0
236,311,A,104,5.0
237,311,A,105,5.0
238,311,A,106,5.0
239,311,A,107,5.0
240,311,A,108,5.0
241,311,A,109,5.0
242,311,A,110,5.0
243,311,A,111,5.0
244,311,A,112,5.0
245,311,A,113,5.0
246,311,A,114,5.0
247,311,A,115,5.0
248,311,A,116,5.0
249,311,A,117,5.0
250,311,A,118,5.0
251,311,A,119,5.0
252,311,A,120,5.0
253,311,A,121,5.0
254,311,A,122,5.0
255,311,A,123,5.0
256,311,A,124,5.0
257,311,A,125,5.0
258,311,A,126,5.0
259,311,A,127,5.0
260,311,A,128,5.0
261,311,A,129,5.0
262,311,A,130,5.0
263,311,A,131,5.0
264,312,D,0,40.0
265,312,D,1,40.0
266,312,D,2,40.0
267,312,D,3,40.0
268,312,D,4,40.0
269,312,D,5,40.0
270,312,D,6,40.0
271,312,D,7,40.0
272,312,D,8,40.0
273,312,D,9,40.0
274,312,D,10,40.0
275,312,D,11,40.0
276,312,D,12,40.0
277,312,D,13,40.0
278,312,D,14,40.0
279,312,D,15,40.0
280,312,D,16,40.0
281,312,D,17,40.0
282,312,D,18,40.0
283,312,D,19,40.0
284,312,D,20,40.0
285,312,D,21,40.0
286,312,D,22,40.0
287,312,D,23,40.0
288,312,D,24,40.0
289,312,D,25,40.0
290,312,D,26,40.0
291,312,D,27,40.0
292,312,D,28,40.0
293,312,D,29,40.0
294,312,D,30,40.0
295,312,D,31,40.0
296,312,D,32,40.0
297,312,D,33,40.0
298,312,D,34,40.0
299,312,D,35,40.0
300,312,D,36,40.0
301,312,D,37,40.0
302,312,D,38,40.0
303,312,D,39,40.0
304,312,D,40,40.0
305,312,D,41,40.0
306,312,D,42,40.0
307,312,D,43,40.0
308,312,D,44,40.0
309,312,D,45,40.0
310,312,D,46,40.0
311,312,D,47,40.0
312,312,D,48,40.0
313,312,D,49,40.0
314,312,D,50,40.0
315,312,D,51,40.0
316,312,D,52,40.0
317,312,D,53,40.0
318,312,D,54,40.0
319,312,D,55,40.0
320,312,D,56,40.0
321,312,D,57,40.0
322,312,D,58,40.0
323,312,D,59,40.0
324,312,D,60,40.0
325,312,D,61,40.0
326,312,D,62,40.0
327,312,D,63,40.0
328,312,D,64,40.0
329,312,D,65,40.0
330,312,D,66,40.0
331,312,D,67,40.0
332,312,D,68,40.0
333,312,D,69,40.0
334,312,D,70,40.0
335,312,D,71,40.0
336,312,D,72,40.0
337,312,D,73,40.0
338,312,D,74,40.0
339,312,D,75,40.0
340,312,D,76,40.0
341,312,D,77,40.0
342,312,D,78,40.0
343,312,D,79,40.0
344,312,D,80,40.0
345,312,D,81,40.0
346,312,D,82,40.0
347,312,D,83,40.0
348,312,D,84,40.0
349,312,D,85,40.0
350,312,D,86,40.0
351,312,D,87,40.0
352,312,D,88,40.0
353,312,D,89,40.0
354,312,D,90,40.0
355,312,D,91,40.0
356,312,D,92,40.0
357,312,D,93,40.0
358,312,D,94,40.0
359,312,D,95,40.0
360,312,D,96,40.0
361,312,D,97,40.0
362,312,D,98,40.0
363,312,D,99,40.0
364,312,D,100,40.0
365,312,D,101,40.0
366,312,D,102,40.0
367,312,D,103,40.0
368,312,D,104,40.0
369,312,D,105,40.0
370,312,D,106,40.0
371,312,D,107,40.0
372,312,D,108,40.0
373,312,D,109,40.0
374,312,D,110,40.0
375,312,D,111,40.0
376,312,D,112,40.0
377,312,D,113,40.0
378,312,D,114,40.0
379,312,D,115,40.0
380,312,D,116,40.0
381,312,D,117,40.0
382,312,D,118,40.0
383,312,D,119,40.0
384,312,D,120,40.0
385,312,D,121,40.0
386,312,D,122,40.0
387,312,D,123,40.0
388,312,D,124,40.0
389,312,D,125,40.0
390,312,D,126,40.0
391,312,D,127,40.0
392,312,D,128,40.0
393,312,D,129,40.0
394,312,D,130,40.0
395,312,D,131,40.0
396,316,D,0,4.0
397,316,D,1,4.0
398,316,D,2,4.0
399,316,D,3,4.0
400,316,D,4,4.0
401,316,D,5,4.0
402,316,D,6,4.0
403,316,D,7,4.0
404,316,D,8,4.0
405,316,D,9,4.0
406,316,D,10,4.0
407,316,D,11,4.0
408,316,D,12,4.0
409,316,D,13,4.0
410,316,D,14,4.0
411,316,D,15,4.0
412,316,D,16,4.0
413,316,D,17,4.0
414,316,D,18,4.0
415,316,D,19,4.0
416,316,D,20,4.0
417,316,D,21,4.0
418,316,D,22,4.0
419,316,D,23,4.0
420,316,D,24,4.0
421,316,D,25,4.0
422,316,D,26,4.0
423,316,D,27,4.0
424,316,D,28,4.0
425,316,D,29,4.0
426,316,D,30,4.0
427,316,D,31,4.0
428,316,D,32,4.0
429,316,D,33,4.0
430,316,D,34,4.0
431,316,D,35,4.0
432,316,D,36,4.0
433,316,D,37,4.0
434,316,D,38,4.0
435,316,D,39,4.0
436,316,D,40,4.0
437,316,D,41,4.0
438,316,D,42,4.0
439,316,D,43,4.0
440,316,D,44,4.0
441,316,D,45,4.0
442,316,D,46,4.0
443,316,D,47,4.0
444,316,D,48,4.0
445,316,D,49,4.0
446,316,D,50,4.0
447,316,D,51,4.0
448,316,D,52,4.0
449,316,D,53,4.0
450,316,D,54,4.0
451,316,D,55,4.0
452,316,D,56,4.0
453,316,D,57,4.0
454,316,D,58,4.0
455,316,D,59,4.0
456,316,D,60,4.0
457,316,D,61,4.0
458,316,D,62,4.0
459,316,D,63,4.0
460,316,D,64,4.0
461,316,D,65,4.0
462,316,D,66,4.0
463,316,D,67,4.0
464,316,D,68,4.0
465,316,D,69,4.0
466,316,D,70,4.0
467,316,D,71,4.0
468,316,D,72,4.0
469,316,D,73,4.0
470,316,D,74,4.0
471,316,D,75,4.0
472,316,D,76,4.0
473,316,D,77,4.0
474,316,D,78,4.0
475,316,D,79,4.0
476,316,D,80,4.0
477,316,D,81,4.0
478,316,D,82,4.0
479,316,D,83,4.0
480,316,D,84,4.0
481,316,D,85,4.0
482,316,D,86,4.0
483,316,D,87,4.0
484,316,D,88,4.0
485,316,D,89,4.0
486,316,D,90,4.0
487,316,D,91,4.0
488,316,D,92,4.0
489,316,D,93,4.0
490,316,D,94,4.0
491,316,D,95,4.0
492,316,D,96,4.0
493,316,D,97,4.0
494,316,D,98,4.0
495,316,D,99,4.0
496,316,D,100,4.0
497,316,D,101,4.0
498,316,D,102,4.0
499,316,D,103,4.0
500,316,D,104,4.0
501,316,D,105,4.0
502,316,D,106,4.0
503,316,D,107,4.0
504,316,D,108,4.0
505,316,D,109,4.0
506,316,D,110,4.0
507,316,D,111,4.0
508,316,D,112,4.0
509,316,D,113,4.0
510,316,D,114,4.0
511,316,D,115,4.0
512,316,D,116,4.0
513,316,D,117,4.0
514,316,D,118,4.0
515,316,D,119,29.0
516,316,D,120,29.0
517,316,D,121,29.0
518,316,D,122,29.0
519,316,D,123,29.0
520,316,D,124,29.0
521,316,D,125,29.0
522,316,D,126,29.0
523,316,D,127,29.0
524,316,D,128,29.0
525,316,D,129,29.0
526,316,D,130,29.0
527,316,D,131,29.0
528,317,A,0,31.0
529,317,A,1,31.0
530,317,A,2,31.0
531,317,A,3,31.0
532,317,A,4,31.0
533,317,A,5,31.0
534,317,A,6,31.0
535,317,A,7,31.0
536,317,A,8,31.0
537,317,A,9,31.0
538,317,A,10,31.0
539,317,A,11,31.0
540,317,A,12,31.0
541,317,A,13,31.0
542,317,A,14,31.0
543,317,A,15,31.0
544,317,A,16,31.0
545,317,A,17,31.0
546,317,A,18,31.0
547,317,A,19,31.0
548,317,A,20,31.0
549,317,A,21,31.0
550,317,A,22,31.0
551,317,A,23,31.0
552,317,A,24,31.0
553,317,A,25,31.0
554,317,A,26,31.0
555,317,A,27,31.0
556,317,A,28,31.0
557,317,A,29,31.0
558,317,A,30,31.0
559,317,A,31,31.0
560,317,A,32,31.0
561,317,A,33,31.0
562,317,A,34,31.0
563,317,A,35,31.0
564,317,A,36,31.0
565,317,A,37,31.0
566,317,A,38,31.0
567,317,A,39,31.0
568,317,A,40,31.0
569,317,A,41,31.0
570,317,A,42,31.0
571,317,A,43,31.0
572,317,A,44,31.0
573,317,A,45,31.0
574,317,A,46,31.0
575,317,A,47,31.0
576,317,A,48,31.0
577,317,A,49,31.0
578,317,A,50,31.0
579,317,A,51,31.0
580,317,A,52,31.0
581,317,A,53,31.0
582,317,A,54,31.0
583,317,A,55,31.0
584,317,A,56,31.0
585,317,A,57,31.0
586,317,A,58,31.0
587,317,A,59,31.0
588,317,A,60,31.0
589,317,A,61,31.0
590,317,A,62,31.0
591,317,A,63,31.0
592,317,A,64,31.0
593,317,A,65,31.0
594,317,A,66,31.0
595,317,A,67,31.0
596,317,A,68,31.0
597,317,A,69,31.0
598,317,A,70,31.0
599,317,A,71,31.0
600,317,A,72,31.0
601,317,A,73,31.0
602,317,A,74,31.0
603,317,A,75,31.0
604,317,A,76,31.0
605,317,A,77,31.0
606,317,A,78,31.0
607,317,A,79,31.0
608,317,A,80,31.0
609,317,A,81,31.0
610,317,A,82,31.0
611,317,A,83,31.0
612,317,A,84,31.0
613,317,A,85,31.0
614,317,A,86,31.0
615,317,A,87,31.0
616,317,A,88,31.0
617,317,A,89,31.0
618,317,A,90,31.0
619,317,A,91,31.0
620,317,A,92,31.0
621,317,A,93,31.0
622,317,A,94,31.0
623,317,A,95,31.0
624,317,A,96,31.0
625,317,A,97,31.0
626,317,A,98,31.0
627,317,A,99,31.0
628,317,A,100,31.0
629,317,A,101,31.0
630,317,A,102,31.0
631,317,A,103,31.0
632,317,A,104,31.0
633,317,A,105,31.0
634,317,A,106,31.0
635,317,A,107,31.0
636,317,A,108,31.0
637,317,A,109,31.0
638,317,A,110,31.0
639,317,A,111,31.0
640,317,A,112,31.0
641,317,A,113,31.0
642,317,A,114,31.0
643,317,A,115,31.0
644,317,A,116,31.0
645,317,A,117,31.0
646,317,A,118,31.0
647,317,A,119,31.0
648,317,A,120,31.0
649,317,A,121,31.0
650,317,A,122,31.0
651,317,A,123,31.0
652,317,A,124,31.0
653,317,A,125,31.0
654,317,A,126,31.0
655,317,A,127,31.0
656,317,A,128,31.0
657,317,A,129,31.0
658,317,A,130,31.0
659,317,A,131,31.0
660,330,A,0,5.0
661,330,A,1,5.0
662,330,A,2,5.0
663,330,A,3,5.0
664,330,A,4,5.0
665,330,A,5,5.0
666,330,A,6,5.0
667,330,A,7,5.0
668,330,A,8,5.0
669,330,A,9,5.0
670,330,A,10,5.0
671,330,A,11,5.0
672,330,A,12,5.0
673,330,A,13,5.0
674,330,A,14,5.0
675,330,A,15,5.0
676,330,A,16,5.0
677,330,A,17,5.0
678,330,A,18,5.0
679,330,A,19,5.0
680,330,A,20,5.0
681,330,A,21,5.0
682,330,A,22,5.0
683,330,A,23,5.0
684,330,A,24,5.0
685,330,A,25,5.0
686,330,A,26,5.0
687,330,A,27,5.0
688,330,A,28,5.0
689,330,A,29,5.0
690,330,A,30,5.0
691,330,A,31,5.0
692,330,A,32,5.0
693,330,A,33,5.0
694,330,A,34,5.0
695,330,A,35,5.0
696,330,A,36,5.0
697,330,A,37,5.0
698,330,A,38,5.0
699,330,A,39,5.0
700,330,A,40,5.0
701,330,A,41,5.0
702,330,A,42,5.0
703,330,A,43,5.0
704,330,A,44,5.0
705,330,A,45,5.0
706,330,A,46,5.0
707,330,A,47,5.0
708,330,A,48,5.0
709,330,A,49,5.0
710,330,A,50,5.0
711,330,A,51,5.0
712,330,A,52,5.0
713,330,A,53,5.0
714,330,A,54,5.0
715,330,A,55,5.0
716,330,A,56,5.0
717,330,A,57,5.0
718,330,A,58,5.0
719,330,A,59,5.0
720,330,A,60,5.0
721,330,A,61,5.0
722,330,A,62,5.0
723,330,A,63,5.0
724,330,A,64,5.0
725,330,A,65,5.0
726,330,A,66,5.0
727,330,A,67,5.0
728,330,A,68,5.0
729,330,A,69,5.0
730,330,A,70,5.0
731,330,A,71,5.0
732,330,A,72,5.0
733,330,A,73,5.0
734,330,A,74,5.0
735,330,A,75,5.0
736,330,A,76,5.0
737,330,A,77,5.0
738,330,A,78,5.0
739,330,A,79,5.0
740,330,A,80,5.0
741,330,A,81,5.0
742,330,A,82,5.0
743,330,A,83,5.0
744,330,A,84,5.0
745,330,A,85,5.0
746,330,A,86,5.0
747,330,A,87,5.0
748,330,A,88,5.0
749,330,A,89,5.0
750,330,A,90,5.0
751,330,A,91,5.0
752,330,A,92,5.0
753,330,A,93,5.0
754,330,A,94,5.0
755,330,A,95,5.0
756,330,A,96,5.0
757,330,A,97,5.0
758,330,A,98,5.0
759,330,A,99,5.0
760,330,A,100,5.0
761,330,A,101,5.0
762,330,A,102,5.0
763,330,A,103,5.0
764,330,A,104,5.0
765,330,A,105,5.0
766,330,A,106,5.0
767,330,A,107,5.0
768,330,A,108,5.0
769,330,A,109,5.0
770,330,A,110,5.0
771,330,A,111,5.0
772,330,A,112,5.0
773,330,A,113,5.0
774,330,A,114,5.0
775,330,A,115,5.0
776,330,A,116,5.0
777,330,A,117,5.0
778,330,A,118,5.0
779,330,A,119,5.0
780,330,A,120,5.0
781,330,A,121,5.0
782,330,A,122,5.0
783,330,A,123,5.0
784,330,A,124,5.0
785,330,A,125,5.0
786,330,A,126,5.0
787,330,A,127,5.0
788,330,A,128,5.0
789,330,A,129,5.0
790,330,A,130,5.0
791,330,A,131,5.0
792,331,A,0,4.0
793,331,A,1,4.000000000000002
794,331,A,2,4.000000000000016
795,331,A,3,4.000000000000052
796,331,A,4,3.999999999999787
797,331,A,5,3.99999999999946
798,331,A,6,3.999999999999126
799,331,A,7,3.9999999999987637
800,331,A,8,3.999999999998387
801,331,A,9,3.999999999998103
802,331,A,10,3.9999999999977547
803,331,A,11,3.9999999999973994
804,331,A,12,3.9999999999969873
805,331,A,13,3.999999999996575
806,331,A,14,3.9999999999961346
807,331,A,15,3.99999999999568
808,331,A,16,3.9999999999952394
809,331,A,17,3.999999999994799
810,331,A,18,3.999999999994344
811,331,A,19,3.9999999999938893
812,331,A,20,3.9999999999934346
813,331,A,21,3.9999999999930083
814,331,A,22,3.999999999992582
815,331,A,23,3.99999999999217
816,331,A,24,3.9999999999917435
817,331,A,25,3.999999999991317
818,331,A,26,3.999999999990891
819,331,A,27,3.9999999999904645
820,331,A,28,3.9999999999900524
821,331,A,29,3.999999999989626
822,331,A,30,3.999999999989214
823,331,A,31,3.999999999988802
824,331,A,32,3.9999999999883897
825,331,A,33,3.9999999999879776
826,331,A,34,3.9999999999875513
827,331,A,35,3.999999999987139
828,331,A,36,3.999999999986713
829,331,A,37,3.9999999999862865
830,331,A,38,3.9999999999858744
831,331,A,39,3.9999999999854623
832,331,A,40,3.999999999985036
833,331,A,41,3.999999999984624
834,331,A,42,3.9999999999842117
835,331,A,43,3.9999999999837996
836,331,A,44,3.9999999999833875
837,331,A,45,3.999999999982961
838,331,A,46,3.999999999982535
839,331,A,47,3.9999999999821227
840,331,A,48,3.9999999999816964
841,331,A,49,3.9999999999812843
842,331,A,50,3.999999999980858
843,331,A,51,3.9999999999804317
844,331,A,52,3.9999999999800906
845,331,A,53,3.9999999999797495
846,331,A,54,3.9999999999794085
847,331,A,55,3.9999999999790674
848,331,A,56,3.9999999999787264
849,331,A,57,3.9999999999783853
850,331,A,58,3.9999999999780442
851,331,A,59,3.999999999977703
852,331,A,60,3.999999999977362
853,331,A,61,3.999999999977021
854,331,A,62,3.99999999997668
855,331,A,63,3.999999999976339
856,331,A,64,3.999999999975998
857,331,A,65,3.999999999975657
858,331,A,66,3.9999999999753157
859,331,A,67,3.9999999999749747
860,331,A,68,3.9999999999746336
861,331,A,69,3.9999999999742926
862,331,A,70,3.9999999999739515
863,331,A,71,3.9999999999736104
864,331,A,72,3.9999999999732694
865,331,A,73,3.9999999999729283
866,331,A,74,3.9999999999725873
867,331,A,75,3.999999999972246
868,331,A,76,3.999999999971905
869,331,A,77,3.999999999971564
870,331,A,78,3.999999999971223
871,331,A,79,3.999999999970882
872,331,A,80,3.999999999970541
873,331,A,81,3.9999999999702
874,331,A,82,3.9999999999698588
875,331,A,83,3.9999999999695177
876,331,A,84,3.9999999999691767
877,331,A,85,3.9999999999688356
878,331,A,86,3.9999999999684945
879,331,A,87,3.9999999999681535
880,331,A,88,3.9999999999678124
881,331,A,89,3.9999999999674714
882,331,A,90,3.9999999999671303
883,331,A,91,3.9999999999667892
884,331,A,92,3.999999999966448
885,331,A,93,3.999999999966107
886,331,A,94,3.999999999965766
887,331,A,95,3.999999999965425
888,331,A,96,3.999999999965084
889,331,A,97,3.999999999964743
890,331,A,98,3.999999999964402
891,331,A,99,3.9999999999640607
892,331,A,100,3.9999999999637197
893,331,A,101,3.9999999999633786
894,331,A,102,3.9999999999630376
895,331,A,103,3.9999999999626965
896,331,A,104,3.9999999999623554
897,331,A,105,3.9999999999620144
898,331,A,106,3.999999999961787
899,331,A,107,3.9999999999615596
900,331,A,108,3.9999999999613323
901,331,A,109,3.9999999999834586
902,331,A,110,3.9999999999835723
903,331,A,111,3.999999999983686
904,331,A,112,3.999999999983686
905,331,A,113,3.999999999983686
906,331,A,114,3.999999999983686
907,331,A,115,3.999999999983686
908,331,A,116,3.999999999983686
909,331,A,117,3.999999999983686
910,331,A,118,3.999999999983686
911,331,A,119,3.999999999983686
912,331,A,120,3.999999999983686
913,331,A,121,3.999999999983686
914,331,A,122,3.999999999983686
915,331,A,123,3.999999999983686
916,331,A,124,3.999999999983686
917,331,A,125,3.999999999983686
918,331,A,126,3.999999999983686
919,331,A,127,3.999999999983686
920,331,A,128,3.999999999983686
921,331,A,129,3.999999999983686
922,331,A,130,3.999999999983686
923,331,A,131,3.999999999983686
924,332,A,0,5.0
925,332,A,1,5.000000000000002
926,332,A,2,5.000000000000017
927,332,A,3,5.000000000000053
928,332,A,4,4.999999999999858
929,332,A,5,4.999999999999481
930,332,A,6,4.999999999999197
931,332,A,7,4.9999999999988844
932,332,A,8,4.999999999998522
933,332,A,9,4.999999999998181
934,332,A,10,4.999999999997783
935,332,A,11,4.999999999997414
936,332,A,12,4.9999999999970015
937,332,A,13,4.9999999999965326
938,332,A,14,4.999999999996049
939,332,A,15,4.999999999995566
940,332,A,16,4.999999999995083
941,332,A,17,4.999999999994671
942,332,A,18,4.999999999994245
943,332,A,19,4.999999999993818
944,332,A,20,4.999999999993392
945,332,A,21,4.999999999992909
946,332,A,22,4.99999999999244
947,332,A,23,4.999999999991957
948,332,A,24,4.999999999991488
949,332,A,25,4.9999999999910045
950,332,A,26,4.999999999990521
951,332,A,27,4.999999999990038
952,332,A,28,4.999999999989555
953,332,A,29,4.999999999989086
954,332,A,30,4.999999999988617
955,332,A,31,4.999999999988148
956,332,A,32,4.999999999987679
957,332,A,33,4.999999999987196
958,332,A,34,4.999999999986713
959,332,A,35,4.999999999986244
960,332,A,36,4.999999999985761
961,332,A,37,4.9999999999852776
962,332,A,38,4.999999999984809
963,332,A,39,4.99999999998434
964,332,A,40,4.999999999983871
965,332,A,41,4.9999999999833875
966,332,A,42,4.999999999982904
967,332,A,43,4.999999999982435
968,332,A,44,4.999999999981952
969,332,A,45,4.999999999981469
970,332,A,46,4.999999999980986
971,332,A,47,4.999999999980503
972,332,A,48,4.999999999980034
973,332,A,49,4.999999999979551
974,332,A,50,4.999999999979067
975,332,A,51,4.9999999999785985
976,332,A,52,4.9999999999782005
977,332,A,53,4.999999999977803
978,332,A,54,4.999999999977405
979,332,A,55,4.999999999977007
980,332,A,56,4.999999999976609
981,332,A,57,4.999999999976211
982,332,A,58,4.999999999975813
983,332,A,59,4.999999999975415
984,332,A,60,4.999999999975017
985,332,A,61,4.999999999974619
986,332,A,62,4.9999999999742215
987,332,A,63,4.999999999973824
988,332,A,64,4.999999999973426
989,332,A,65,4.999999999973085
990,332,A,66,4.999999999972744
991,332,A,67,4.9999999999724025
992,332,A,68,4.9999999999720615
993,332,A,69,4.99999999997172
994,332,A,70,4.999999999971379
995,332,A,71,4.999999999971038
996,332,A,72,4.999999999970697
997,332,A,73,4.999999999970356
998,332,A,74,4.999999999970015
999,332,A,75,4.999999999969674
1000,332,A,76,4.999999999969333
1001,332,A,77,4.999999999968992
1002,332,A,78,4.999999999968651
1003,332,A,79,4.99999999996831
1004,332,A,80,4.999999999967969
1005,332,A,81,4.999999999967628
1006,332,A,82,4.999999999967287
1007,332,A,83,4.9999999999669456
1008,332,A,84,4.9999999999666045
1009,332,A,85,4.999999999966263
1010,332,A,86,4.999999999965922
1011,332,A,87,4.999999999965581
1012,332,A,88,4.99999999996524
1013,332,A,89,4.999999999964899
1014,332,A,90,4.999999999964558
1015,332,A,91,4.999999999964217
1016,332,A,92,4.999999999963876
1017,332,A,93,4.999999999981696
1018,332,A,94,4.99999999998181
1019,332,A,95,4.999999999981924
1020,332,A,96,4.9999999999820375
1021,332,A,97,4.999999999982151
1022,332,A,98,4.999999999982265
1023,332,A,99,4.9999999999823785
1024,332,A,100,4.999999999982492
1025,332,A,101,4.999999999982606
1026,332,A,102,4.99999999998272
1027,332,A,103,4.999999999982833
1028,332,A,104,4.999999999982947
1029,332,A,105,4.999999999983061
1030,332,A,106,4.999999999983174
1031,332,A,107,4.999999999983288
1032,332,A,108,4.999999999983402
1033,332,A,109,4.999999999983515
1034,332,A,110,4.999999999983629
1035,332,A,111,4.999999999983743
1036,332,A,112,4.999999999983743
1037,332,A,113,4.999999999983743
1038,332,A,114,4.999999999983743
1039,332,A,115,4.999999999983743
1040,332,A,116,4.999999999983743
1041,332,A,117,4.999999999983743
1042,332,A,118,4.999999999983743
1043,332,A,119,4.999999999983743
1044,332,A,120,4.999999999983743
1045,332,A,121,4.999999999983743
1046,332,A,122,4.999999999983743
1047,332,A,123,4.999999999983743
1048,332,A,124,4.999999999983743
1049,332,A,125,4.999999999983743
1050,332,A,126,4.999999999983743
1051,332,A,127,4.999999999983743
1052,332,A,128,4.999999999983743
1053,332,A,129,4.999999999983743
1054,332,A,130,4.999999999983743
1055,332,A,131,4.999999999983743
1056,333,A,0,6.0
1057,333,A,1,6.0
1058,333,A,2,6.0
1059,333,A,3,6.0
1060,333,A,4,6.0
1061,333,A,5,6.0
1062,333,A,6,6.0
1063,333,A,7,6.0
1064,333,A,8,6.0
1065,333,A,9,6.0
1066,333,A,10,6.0
1067,333,A,11,6.0
1068,333,A,12,6.0
1069,333,A,13,6.0
1070,333,A,14,6.0
1071,333,A,15,6.0
1072,333,A,16,6.0
1073,333,A,17,6.0
1074,333,A,18,6.0
1075,333,A,19,6.0
1076,333,A,20,6.0
1077,333,A,21,6.0
1078,333,A,22,6.0
1079,333,A,23,6.0
1080,333,A,24,6.0
1081,333,A,25,6.0
1082,333,A,26,6.0
1083,333,A,27,6.0
1084,333,A,28,6.0
1085,333,A,29,6.0
1086,333,A,30,6.0
1087,333,A,31,6.0
1088,333,A,32,6.0
1089,333,A,33,6.0
1090,333,A,34,6.0
1091,333,A,35,6.0
1092,333,A,36,6.0
1093,333,A,37,6.0
1094,333,A,38,6.0
1095,333,A,39,6.0
1096,333,A,40,6.0
1097,333,A,41,6.0
1098,333,A,42,6.0
1099,333,A,43,6.0
1100,333,A,44,6.0
1101,333,A,45,6.0
1102,333,A,46,6.0
1103,333,A,47,6.0
1104,333,A,48,6.0
1105,333,A,49,6.0
1106,333,A,50,6.0
1107,333,A,51,6.0
1108,333,A,52,6.0
1109,333,A,53,6.0
1110,333,A,54,6.0
1111,333,A,55,6.0
1112,333,A,56,6.0
1113,333,A,57,6.0
1114,333,A,58,6.0
1115,333,A,59,6.0
1116,333,A,60,6.0
1117,333,A,61,6.0
1118,333,A,62,6.0
1119,333,A,63,6.0
1120,333,A,64,6.0
1121,333,A,65,6.0
1122,333,A,66,6.0
1123,333,A,67,6.0
1124,333,A,68,6.0
1125,333,A,69,6.0
1126,333,A,70,6.0
1127,333,A,71,6.0
1128,333,A,72,6.0
1129,333,A,73,6.0
1130,333,A,74,6.0
1131,333,A,75,6.0
1132,333,A,76,6.0
1133,333,A,77,6.0
1134,333,A,78,6.0
1135,333,A,79,6.0
1136,333,A,80,6.0
1137,333,A,81,6.0
1138,333,A,82,6.0
1139,333,A,83,6.0
1140,333,A,84,6.0
1141,333,A,85,6.0
1142,333,A,86,6.0
1143,333,A,87,6.0
1144,333,A,88,6.0
1145,333,A,89,6.0
1146,333,A,90,6.0
1147,333,A,91,6.0
1148,333,A,92,6.0
1149,333,A,93,6.0
1150,333,A,94,6.0
1151,333,A,95,6.0
1152,333,A,96,6.0
1153,333,A,97,6.0
1154,333,A,98,6.0
1155,333,A,99,6.0
1156,333,A,100,6.0
1157,333,A,101,6.0
1158,333,A,102,6.0
1159,333,A,103,6.0
1160,333,A,104,6.0
1161,333,A,105,6.0
1162,333,A,106,6.0
1163,333,A,107,6.0
1164,333,A,108,6.0
1165,333,A,109,6.0
1166,333,A,110,6.0
1167,333,A,111,6.0
1168,333,A,112,6.0
1169,333,A,113,6.0
1170,333,A,114,6.0
1171,333,A,115,6.0
1172,333,A,116,6.0
1173,333,A,117,6.0
1174,333,A,118,6.0
1175,333,A,119,6.0
1176,333,A,120,6.0
1177,333,A,121,6.0
1178,333,A,122,6.0
1179,333,A,123,6.0
1180,333,A,124,6.0
1181,333,A,125,6.0
1182,333,A,126,6.0
1183,333,A,127,6.0
1184,333,A,128,6.0
1185,333,A,129,6.0
1186,333,A,130,6.0
1187,333,A,131,6.0
1188,334,A,0,7.0
1189,334,A,1,7.0000000000000036
1190,334,A,2,7.000000000000025
1191,334,A,3,7.000000000000062
1192,334,A,4,6.999999999999751
1193,334,A,5,6.999999999999403
1194,334,A,6,6.999999999999034
1195,334,A,7,6.999999999998657
1196,334,A,8,6.999999999998316
1197,334,A,9,6.999999999997975
1198,334,A,10,6.999999999997613
1199,334,A,11,6.99999999999725
1200,334,A,12,6.99999999999681
1201,334,A,13,6.999999999996312
1202,334,A,14,6.999999999995808
1203,334,A,15,6.999999999995296
1204,334,A,16,6.999999999994756
1205,334,A,17,6.999999999994245
1206,334,A,18,6.999999999993733
1207,334,A,19,6.999999999993221
1208,334,A,20,6.99999999999271
1209,334,A,21,6.999999999992198
1210,334,A,22,6.99999999999163
1211,334,A,23,6.999999999991061
1212,334,A,24,6.99999999999055
1213,334,A,25,6.999999999989996
1214,334,A,26,6.999999999989512
1215,334,A,27,6.999999999989029
1216,334,A,28,6.999999999988489
1217,334,A,29,6.999999999987949
1218,334,A,30,6.999999999987409
1219,334,A,31,6.999999999986898
1220,334,A,32,6.999999999986386
1221,334,A,33,6.999999999985874
1222,334,A,34,6.99999999998542
1223,334,A,35,6.999999999984908
1224,334,A,36,6.999999999984453
1225,334,A,37,6.999999999983942
1226,334,A,38,6.99999999998343
1227,334,A,39,6.9999999999829186
1228,334,A,40,6.999999999982407
1229,334,A,41,6.999999999981952
1230,334,A,42,6.9999999999814975
1231,334,A,43,6.999999999980986
1232,334,A,44,6.999999999980474
1233,334,A,45,6.9999999999800195
1234,334,A,46,6.999999999979508
1235,334,A,47,6.999999999979053
1236,334,A,48,6.9999999999785985
1237,334,A,49,6.999999999978087
1238,334,A,50,6.999999999977575
1239,334,A,51,6.999999999977064
1240,334,A,52,6.999999999976666
1241,334,A,53,6.999999999976268
1242,334,A,54,6.99999999997587
1243,334,A,55,6.999999999975472
1244,334,A,56,6.999999999975074
1245,334,A,57,6.999999999974676
1246,334,A,58,6.999999999974278
1247,334,A,59,6.9999999999738804
1248,334,A,60,6.9999999999734825
1249,334,A,61,6.999999999973085
1250,334,A,62,6.999999999972687
1251,334,A,63,6.999999999972289
1252,334,A,64,6.999999999971891
1253,334,A,65,6.999999999971493
1254,334,A,66,6.999999999971095
1255,334,A,67,6.999999999970697
1256,334,A,68,6.999999999970299
1257,334,A,69,6.999999999969901
1258,334,A,70,6.9999999999695035
1259,334,A,71,6.999999999969106
1260,334,A,72,6.999999999968708
1261,334,A,73,6.99999999996831
1262,334,A,74,6.999999999967912
1263,334,A,75,6.999999999967514
1264,334,A,76,6.999999999967116
1265,334,A,77,6.999999999966718
1266,334,A,78,6.99999999996632
1267,334,A,79,6.999999999965922
1268,334,A,80,6.9999999999655245
1269,334,A,81,6.999999999965127
1270,334,A,82,6.999999999964729
1271,334,A,83,6.999999999964331
1272,334,A,84,6.999999999963933
1273,334,A,85,6.999999999963535
1274,334,A,86,6.999999999963137
1275,334,A,87,6.999999999962739
1276,334,A,88,6.999999999962341
1277,334,A,89,6.999999999961943
1278,334,A,90,6.999999999961545
1279,334,A,91,6.9999999999611475
1280,334,A,92,6.99999999996075
1281,334,A,93,6.999999999960352
1282,334,A,94,6.999999999959954
1283,334,A,95,6.999999999959556
1284,334,A,96,6.999999999959158
1285,334,A,97,6.99999999995876
1286,334,A,98,6.999999999958362
1287,334,A,99,6.999999999957964
1288,334,A,100,6.999999999957566
1289,334,A,101,6.9999999999571685
1290,334,A,102,6.999999999956771
1291,334,A,103,6.999999999956373
1292,334,A,104,6.999999999955975
1293,334,A,105,6.999999999955577
1294,334,A,106,6.999999999955293
1295,334,A,107,6.999999999982833
1296,334,A,108,6.999999999982947
1297,334,A,109,6.999999999983061
1298,334,A,110,6.999999999983174
1299,334,A,111,6.999999999983288
1300,334,A,112,6.999999999983288
1301,334,A,113,6.999999999983288
1302,334,A,114,6.999999999983288
1303,334,A,115,6.999999999983288
1304,334,A,116,6.999999999983288
1305,334,A,117,6.999999999983288
1306,334,A,118,6.999999999983288
1307,334,A,119,6.999999999983288
1308,334,A,120,6.999999999983288
1309,334,A,121,6.999999999983288
1310,334,A,122,6.999999999983288
1311,334,A,123,6.999999999983288
1312,334,A,124,6.999999999983288
1313,334,A,125,6.999999999983288
1314,334,A,126,6.999999999983288
1315,334,A,127,6.999999999983288
1316,334,A,128,6.999999999983288
1317,334,A,129,6.999999999983288
1318,334,A,130,6.999999999983288
1319,334,A,131,6.999999999983288
1320,336,A,0,4.0
1321,336,A,1,4.000000000000002
1322,336,A,2,4.000000000000016
1323,336,A,3,4.000000000000052
1324,336,A,4,4.000000000000103
1325,336,A,5,4.000000000000182
1326,336,A,6,4.0000000000002895
1327,336,A,7,4.000000000000411
1328,336,A,8,4.000000000000533
1329,336,A,9,4.000000000000655
1330,336,A,10,4.000000000000776
1331,336,A,11,4.000000000000897
1332,336,A,12,4.000000000001019
1333,336,A,13,4.00000000000114
1334,336,A,14,4.000000000001269
1335,336,A,15,4.00000000000138
1336,336,A,16,4.000000000001502
1337,336,A,17,4.000000000001624
1338,336,A,18,4.000000000001745
1339,336,A,19,4.000000000001867
1340,336,A,20,4.000000000001989
1341,336,A,21,4.000000000002105
1342,336,A,22,4.000000000002227
1343,336,A,23,4.000000000002348
1344,336,A,24,4.00000000000247
1345,336,A,25,4.000000000002592
1346,336,A,26,4.000000000002713
1347,336,A,27,4.000000000002828
1348,336,A,28,4.00000000000295
1349,336,A,29,4.000000000003071
1350,336,A,30,4.000000000003193
1351,336,A,31,4.000000000003315
1352,336,A,32,4.000000000003436
1353,336,A,33,4.000000000003558
1354,336,A,34,4.00000000000368
1355,336,A,35,4.000000000003816
1356,336,A,36,4.000000000003937
1357,336,A,37,4.000000000004059
1358,336,A,38,4.000000000004181
1359,336,A,39,4.000000000004302
1360,336,A,40,4.000000000004424
1361,336,A,41,4.000000000004546
1362,336,A,42,4.000000000004667
1363,336,A,43,4.000000000004789
1364,336,A,44,4.000000000004911
1365,336,A,45,4.000000000005032
1366,336,A,46,4.000000000005154
1367,336,A,47,4.000000000005276
1368,336,A,48,4.0000000000053975
1369,336,A,49,4.000000000005519
1370,336,A,50,4.000000000005641
1371,336,A,51,4.0000000000057625
1372,336,A,52,4.000000000005884
1373,336,A,53,4.000000000006006
1374,336,A,54,4.0000000000061275
1375,336,A,55,4.000000000006249
1376,336,A,56,4.000000000006371
1377,336,A,57,4.000000000006493
1378,336,A,58,4.000000000006614
1379,336,A,59,4.000000000006736
1380,336,A,60,4.000000000006858
1381,336,A,61,4.000000000006979
1382,336,A,62,4.000000000007101
1383,336,A,63,4.000000000007223
1384,336,A,64,4.000000000007344
1385,336,A,65,4.000000000007466
1386,336,A,66,4.000000000007588
1387,336,A,67,4.000000000007709
1388,336,A,68,4.000000000007831
1389,336,A,69,4.000000000007953
1390,336,A,70,4.000000000008074
1391,336,A,71,4.000000000008182
1392,336,A,72,4.000000000008304
1393,336,A,73,4.000000000008425
1394,336,A,74,4.000000000008547
1395,336,A,75,4.000000000008669
1396,336,A,76,4.00000000000879
1397,336,A,77,4.000000000008912
1398,336,A,78,4.000000000009034
1399,336,A,79,4.000000000009155
1400,336,A,80,4.000000000009277
1401,336,A,81,4.000000000009399
1402,336,A,82,4.00000000000952
1403,336,A,83,4.000000000009642
1404,336,A,84,4.000000000009764
1405,336,A,85,4.000000000009885
1406,336,A,86,4.000000000010007
1407,336,A,87,4.000000000010129
1408,336,A,88,4.0000000000102505
1409,336,A,89,4.000000000010372
1410,336,A,90,4.000000000010494
1411,336,A,91,4.0000000000106155
1412,336,A,92,4.000000000010737
1413,336,A,93,4.000000000010859
1414,336,A,94,4.0000000000109805
1415,336,A,95,4.000000000011102
1416,336,A,96,4.000000000011224
1417,336,A,97,4.000000000011346
1418,336,A,98,4.000000000011467
1419,336,A,99,4.000000000011589
1420,336,A,100,4.000000000011711
1421,336,A,101,4.000000000011832
1422,336,A,102,4.000000000011954
1423,336,A,103,4.000000000012076
1424,336,A,104,4.000000000012197
1425,336,A,105,4.000000000012319
1426,336,A,106,4.000000000012441
1427,336,A,107,4.000000000012562
1428,336,A,108,4.000000000012684
1429,336,A,109,4.000000000012806
1430,336,A,110,4.000000000012927
1431,336,A,111,4.000000000013049
1432,336,A,112,4.000000000013049
1433,336,A,113,4.000000000013049
1434,336,A,114,4.000000000013049
1435,336,A,115,4.000000000013049
1436,336,A,116,4.000000000013049
1437,336,A,117,4.000000000013049
1438,336,A,118,4.000000000013049
1439,336,A,119,4.000000000013049
1440,336,A,120,4.000000000013049
1441,336,A,121,4.000000000013049
1442,336,A,122,4.000000000013049
1443,336,A,123,4.000000000013049
1444,336,A,124,4.000000000013049
1445,336,A,125,4.000000000013049
1446,336,A,126,4.000000000013049
1447,336,A,127,4.000000000013049
1448,336,A,128,4.000000000013049
1449,336,A,129,4.000000000013049
1450,336,A,130,4.000000000013049
1451,336,A,131,4.000000000013049
1452,337,D,0,46.0
1453,337,D,1,46.0
1454,337,D,2,46.0
1455,337,D,3,46.0
1456,337,D,4,46.0
1457,337,D,5,46.0
1458,337,D,6,46.0
1459,337,D,7,46.0
1460,337,D,8,46.0
1461,337,D,9,46.0
1462,337,D,10,46.0
1463,337,D,11,46.0
1464,337,D,12,46.0
1465,337,D,13,46.0
1466,337,D,14,46.0
1467,337,D,15,46.0
1468,337,D,16,46.0
1469,337,D,17,46.0
1470,337,D,18,46.0
1471,337,D,19,46.0
1472,337,D,20,46.0
1473,337,D,21,46.0
1474,337,D,22,46.0
1475,337,D,23,46.0
1476,337,D,24,46.0
1477,337,D,25,46.0
1478,337,D,26,46.0
1479,337,D,27,46.0
1480,337,D,28,46.0
1481,337,D,29,46.0
1482,337,D,30,46.0
1483,337,D,31,46.0
1484,337,D,32,46.0
1485,337,D,33,46.0
1486,337,D,34,46.0
1487,337,D,35,46.0
1488,337,D,36,46.0
1489,337,D,37,46.0
1490,337,D,38,46.0
1491,337,D,39,46.0
1492,337,D,40,46.0
1493,337,D,41,46.0
1494,337,D,42,46.0
1495,337,D,43,46.0
1496,337,D,44,46.0
1497,337,D,45,46.0
1498,337,D,46,46.0
1499,337,D,47,46.0
1500,337,D,48,46.0
1501,337,D,49,46.0
1502,337,D,50,46.0
1503,337,D,51,46.0
1504,337,D,52,46.0
1505,337,D,53,46.0
1506,337,D,54,46.0
1507,337,D,55,46.0
1508,337,D,56,46.0
1509,337,D,57,46.0
1510,337,D,58,46.0
1511,337,D,59,46.0
1512,337,D,60,46.0
1513,337,D,61,46.0
1514,337,D,62,46.0
1515,337,D,63,46.0
1516,337,D,64,46.0
1517,337,D,65,46.0
1518,337,D,66,46.0
1519,337,D,67,46.0
1520,337,D,68,46.0
1521,337,D,69,46.0
1522,337,D,70,46.0
1523,337,D,71,46.0
1524,337,D,72,46.0
1525,337,D,73,46.0
1526,337,D,74,46.00000000000001
1527,337,D,75,46.00000000000001
1528,337,D,76,46.00000000000001
1529,337,D,77,46.00000000000001
1530,337,D,78,46.00000000000001
1531,337,D,79,46.00000000000001
1532,337,D,80,46.00000000000001
1533,337,D,81,46.00000000000001
1534,337,D,82,46.00000000000001
1535,337,D,83,46.00000000000001
1536,337,D,84,46.00000000000001
1537,337,D,85,46.00000000000001
1538,337,D,86,46.00000000000001
1539,337,D,87,46.00000000000001
1540,337,D,88,46.00000000000001
1541,337,D,89,46.00000000000001
1542,337,D,90,46.00000000000001
1543,337,D,91,46.00000000000001
1544,337,D,92,46.00000000000001
1545,337,D,93,46.00000000000001
1546,337,D,94,46.00000000000001
1547,337,D,95,46.00000000000001
1548,337,D,96,46.00000000000001
1549,337,D,97,46.00000000000001
1550,337,D,98,46.00000000000001
1551,337,D,99,46.00000000000001
1552,337,D,100,46.00000000000001
1553,337,D,101,46.00000000000001
1554,337,D,102,46.00000000000001
1555,337,D,103,46.00000000000001
1556,337,D,104,46.00000000000001
1557,337,D,105,46.00000000000001
1558,337,D,106,46.00000000000001
1559,337,D,107,46.00000000000001
1560,337,D,108,46.00000000000001
1561,337,D,109,40.900000000000006
1562,337,D,110,27.10000000000001
1563,337,D,111,13.799999999999999
1564,337,D,113,8.500000000000014
1565,337,D,114,14.700000000000017
1566,337,D,115,32.600000000000016
1567,337,D,116,47.500000000000014
1568,337,D,117,62.40000000000002
1569,337,D,118,77.30000000000003
1570,337,D,119,67.20000000000003
1571,337,D,120,82.10000000000004
1572,337,D,121,97.0
1573,337,D,122,93.0
1574,337,D,123,89.0
1575,337,D,124,85.0
1576,337,D,125,81.0
1577,337,D,126,72.0
1578,337,D,127,63.0
1579,337,D,128,58.0
1580,337,D,129,52.0
1581,337,D,130,43.0
1582,337,D,131,38.0
1583,338,A,0,6.0
1584,338,A,1,5.99999999999994
1585,338,A,2,5.99999999999978
1586,338,A,3,5.999999999999503
1587,338,A,4,5.999999999999076
1588,338,A,5,6.0
1589,338,A,6,6.0
1590,338,A,7,6.0
1591,338,A,8,6.0
1592,338,A,9,6.0
1593,338,A,10,6.0
1594,338,A,11,6.0
1595,338,A,12,6.0
1596,338,A,13,6.0
1597,338,A,14,6.0
1598,338,A,15,6.0
1599,338,A,16,6.0
1600,338,A,17,6.0
1601,338,A,18,6.0
1602,338,A,19,6.0
1603,338,A,20,6.0
1604,338,A,21,6.0
1605,338,A,22,6.0
1606,338,A,23,6.0
1607,338,A,24,6.0
1608,338,A,25,6.0
1609,338,A,26,6.0
1610,338,A,27,6.0
1611,338,A,28,6.0
1612,338,A,29,6.0
1613,338,A,30,6.0
1614,338,A,31,6.0
1615,338,A,32,6.0
1616,338,A,33,6.0
1617,338,A,34,6.0
1618,338,A,35,6.0
1619,338,A,36,6.0
1620,338,A,37,6.0
1621,338,A,38,6.0
1622,338,A,39,6.0
1623,338,A,40,6.0
1624,338,A,41,6.0
1625,338,A,42,6.0
1626,338,A,43,6.0
1627,338,A,44,6.0
1628,338,A,45,6.0
1629,338,A,46,6.0
1630,338,A,47,6.0
1631,338,A,48,6.0
1632,338,A,49,6.0
1633,338,A,50,6.0
1634,338,A,51,6.0
1635,338,A,52,6.0
1636,338,A,53,6.0
1637,338,A,54,6.0
1638,338,A,55,6.0
1639,338,A,56,6.0
1640,338,A,57,6.0
1641,338,A,58,6.0
1642,338,A,59,6.0
1643,338,A,60,6.0
1644,338,A,61,6.0
1645,338,A,62,6.0
1646,338,A,63,6.0
1647,338,A,64,6.0
1648,338,A,65,6.0
1649,338,A,66,6.0
1650,338,A,67,6.0
1651,338,A,68,6.0
1652,338,A,69,6.0
1653,338,A,70,6.0
1654,338,A,71,6.0
1655,338,A,72,6.0
1656,338,A,73,6.0
1657,338,A,74,6.0
1658,338,A,75,6.0
1659,338,A,76,6.0
1660,338,A,77,6.0
1661,338,A,78,6.0
1662,338,A,79,6.0
1663,338,A,80,6.0
1664,338,A,81,6.0
1665,338,A,82,6.0
1666,338,A,83,6.0
1667,338,A,84,6.0
1668,338,A,85,6.0
1669,338,A,86,6.0
1670,338,A,87,6.0
1671,338,A,88,6.0
1672,338,A,89,6.0
1673,338,A,90,6.0
1674,338,A,91,6.0
1675,338,A,92,6.0
1676,338,A,93,6.0
1677,338,A,94,6.0
1678,338,A,95,6.0
1679,338,A,96,6.0
1680,338,A,97,6.0
1681,338,A,98,6.0
1682,338,A,99,6.0
1683,338,A,100,6.0
1684,338,A,101,6.0
1685,338,A,102,6.0
1686,338,A,103,6.0
1687,338,A,104,6.0
1688,338,A,105,6.0
1689,338,A,106,6.0
1690,338,A,107,6.0
1691,338,A,108,6.0
1692,338,A,109,6.0
1693,338,A,110,6.0
1694,338,A,111,6.0
1695,338,A,112,6.0
1696,338,A,113,6.0
1697,338,A,114,6.0
1698,338,A,115,6.0
1699,338,A,116,6.0
1700,338,A,117,6.0
1701,338,A,118,6.0
1702,338,A,119,6.0
1703,338,A,120,6.0
1704,338,A,121,6.0
1705,338,A,122,6.0
1706,338,A,123,6.0
1707,338,A,124,6.0
1708,338,A,125,6.0
1709,338,A,126,6.0
1710,338,A,127,6.0
1711,338,A,128,6.0
1712,338,A,129,6.0
1713,338,A,130,6.0
1714,338,A,131,6.0
1715,339,A,2,17.5
1716,339,A,3,30.0
1717,339,A,4,42.5
1718,339,A,5,47.200000000000216
1719,339,A,6,51.00000000000022
1720,339,A,7,54.80000000000022
1721,339,A,8,58.600000000000215
1722,339,A,9,62.40000000000021
1723,339,A,10,66.20000000000022
1724,339,A,11,69.00000000000021
1725,339,A,12,72.50000000000021
1726,339,A,13,72.30000000000021
1727,339,A,14,71.10000000000021
1728,339,A,15,69.9000000000002
1729,339,A,16,68.7000000000002
1730,339,A,17,66.5000000000002
1731,339,A,18,64.3000000000002
1732,339,A,19,62.1000000000002
1733,339,A,20,58.4000000000005
1734,339,A,21,56.20000000000051
1735,339,A,22,55.70000000000051
1736,339,A,23,54.50000000000051
1737,339,A,24,52.300000000000516
1738,339,A,25,46.10000000000052
1739,339,A,26,40.900000000000524
1740,339,A,27,34.70000000000053
1741,339,A,28,33.50000000000053
1742,339,A,29,28.300000000000537
1743,339,A,30,24.800000000000537
1744,339,A,31,19.60000000000054
1745,339,A,32,17.400000000000546
1746,339,A,33,15.200000000000546
1747,339,A,34,13.000000000000549
1748,339,A,35,8.50000000000055
1749,339,A,36,8.000000000000552
1750,339,A,37,6.800000000000555
1751,339,A,38,5.600000000000557
1752,339,A,39,3.40000000000056
1753,339,A,40,2.2000000000005624
1754,339,A,41,4.000000000000565
1755,339,A,42,4.500000000000567
1756,339,A,43,6.300000000000569
1757,339,A,44,13.100000000000572
1758,339,A,45,20.900000000000574
1759,339,A,46,27.70000000000058
1760,339,A,47,37.20000000000058
1761,339,A,48,49.00000000000058
1762,339,A,49,62.50000000000058
1763,339,A,50,76.00000000000058
1764,339,A,51,86.50000000000009
1765,339,A,52,107.00000000000009
1766,339,A,53,127.50000000000009
1767,339,A,54,148.00000000000009
1768,339,A,55,165.50000000000006
1769,339,A,56,183.0
1770,339,A,57,177.0
1771,339,A,58,170.30000000000044
1772,339,A,59,164.30000000000044
1773,339,A,60,158.30000000000044
1774,339,A,61,151.20000000000044
1775,339,A,62,144.10000000000042
1776,339,A,63,137.00000000000043
1777,339,A,64,129.90000000000043
1778,339,A,65,122.80000000000044
1779,339,A,66,117.70000000000043
1780,339,A,67,112.60000000000043
1781,339,A,68,107.50000000000043
1782,339,A,69,102.40000000000043
1783,339,A,70,97.30000000000044
1784,339,A,71,92.20000000000044
1785,339,A,72,87.10000000000043
1786,339,A,73,82.00000000000044
1787,339,A,74,76.90000000000045
1788,339,A,75,71.80000000000045
1789,339,A,76,66.70000000000044
1790,339,A,77,61.60000000000044
1791,339,A,78,56.50000000000044
1792,339,A,79,56.50000000000044
1793,339,A,80,56.50000000000044
1794,339,A,81,56.50000000000044
1795,339,A,82,56.50000000000044
1796,339,A,83,56.50000000000044
1797,339,A,84,56.50000000000044
1798,339,A,85,56.50000000000044
1799,339,A,86,56.50000000000044
1800,339,A,87,56.50000000000044
1801,339,A,88,56.50000000000044
1802,339,A,89,56.50000000000044
1803,339,A,90,56.50000000000044
1804,339,A,91,56.50000000000044
1805,339,A,92,56.50000000000044
1806,339,A,93,56.50000000000044
1807,339,A,94,56.50000000000044
1808,339,A,95,56.50000000000044
1809,339,A,96,56.50000000000044
1810,339,A,97,56.50000000000044
1811,339,A,98,56.50000000000044
1812,339,A,99,56.50000000000044
1813,339,A,100,56.50000000000044
1814,339,A,101,56.50000000000044
1815,339,A,102,56.50000000000044
1816,339,A,103,56.50000000000044
1817,339,A,104,56.50000000000044
1818,339,A,105,56.50000000000044
1819,339,A,106,56.50000000000044
1820,339,A,107,56.50000000000044
1821,339,A,108,56.50000000000044
1822,339,A,109,56.50000000000044
1823,339,A,110,56.50000000000044
1824,339,A,111,56.50000000000044
1825,339,A,112,56.50000000000044
1826,339,A,113,56.50000000000044
1827,339,A,114,56.50000000000044
1828,339,A,115,56.50000000000044
1829,339,A,116,56.50000000000044
1830,339,A,117,56.50000000000044
1831,339,A,118,56.50000000000044
1832,339,A,119,56.50000000000044
1833,339,A,120,56.50000000000044
1834,339,A,121,56.50000000000044
1835,339,A,122,56.50000000000044
1836,339,A,123,56.50000000000044
1837,339,A,124,56.50000000000044
1838,339,A,125,56.50000000000044
1839,339,A,126,56.50000000000044
1840,339,A,127,56.50000000000044
1841,339,A,128,56.50000000000044
1842,339,A,129,56.50000000000044
1843,339,A,130,56.50000000000044
1844,339,A,131,56.50000000000044
1845,350,54,0,4.0
1846,350,54,1,4.0
1847,350,54,2,4.0
1848,350,54,3,4.0
1849,350,54,4,4.0
1850,350,54,5,4.0
1851,350,54,6,4.0
1852,350,54,7,4.0000000000001865
1853,350,54,8,4.0000000000001865
1854,350,54,9,4.0000000000001865
1855,350,54,10,4.000000000000215
1856,350,54,11,4.000000000000243
1857,350,54,12,4.000000000000272
1858,350,54,13,4.0000000000003
1859,350,54,14,4.0000000000003
1860,350,54,15,4.0000000000003
1861,350,54,16,4.000000000001124
1862,350,54,17,4.000000000001124
1863,350,54,18,4.000000000001124
1864,350,54,19,4.000000000001124
1865,350,54,20,4.000000000001124
1866,350,54,21,4.000000000001124
1867,350,54,22,4.000000000001124
1868,350,54,23,4.000000000001124
1869,350,54,24,4.000000000001124
1870,350,54,25,4.000000000001124
1871,350,54,26,4.000000000001124
1872,350,54,27,4.000000000001124
1873,350,54,28,4.000000000001124
1874,350,54,29,4.000000000001124
1875,350,54,30,4.000000000001124
1876,350,54,31,4.000000000001124
1877,350,54,32,4.000000000001124
1878,350,54,33,4.000000000001124
1879,350,54,34,4.000000000001124
1880,350,54,35,4.000000000001124
1881,350,54,36,4.000000000001124
1882,350,54,37,4.000000000001124
1883,350,54,38,4.000000000001124
1884,350,54,39,4.000000000001124
1885,350,54,40,4.000000000001124
1886,350,54,41,4.000000000001124
1887,350,54,42,4.000000000001124
1888,350,54,43,4.000000000001124
1889,350,54,44,4.000000000001124
1890,350,54,45,4.000000000001124
1891,350,54,46,4.000000000001124
1892,350,54,47,4.000000000001124
1893,350,54,48,4.000000000001124
1894,350,54,49,4.000000000001124
1895,350,54,50,4.000000000001124
1896,350,54,51,4.000000000001124
1897,350,54,52,4.000000000001124
1898,350,54,53,4.000000000001494
1899,350,54,54,4.000000000001494
1900,350,54,55,4.000000000001494
1901,350,54,56,4.000000000001494
1902,350,54,57,4.000000000001494
1903,350,54,58,4.000000000001494
1904,350,54,59,4.000000000001494
1905,350,54,60,4.000000000001494
1906,350,54,61,4.000000000001494
1907,350,54,62,4.000000000001494
1908,350,54,63,4.000000000001494
1909,350,54,64,4.000000000001494
1910,350,54,65,4.000000000001494
1911,350,54,66,4.000000000001494
1912,350,54,67,4.000000000001494
1913,350,54,68,4.000000000001494
1914,350,54,69,4.000000000001494
1915,350,54,70,4.000000000001494
1916,350,54,71,4.000000000001494
1917,350,54,72,4.000000000001494
1918,350,54,73,4.000000000001494
1919,350,54,74,4.000000000001494
1920,350,54,75,4.000000000001494
1921,350,54,76,4.000000000001494
1922,350,54,77,4.000000000001494
1923,350,54,78,4.000000000001494
1924,350,54,79,4.000000000001494
1925,350,54,80,4.000000000001494
1926,350,54,81,4.000000000001494
1927,350,54,82,4.000000000001494
1928,350,54,83,4.000000000001494
1929,350,54,84,4.000000000001494
1930,350,54,85,4.000000000001494
1931,350,54,86,4.000000000001494
1932,350,54,87,4.000000000001494
1933,350,54,88,4.000000000001494
1934,350,54,89,4.000000000001494
1935,350,54,90,4.000000000001494
1936,350,54,91,4.000000000001494
1937,350,54,92,4.000000000001494
1938,350,54,93,4.000000000001494
1939,350,54,94,4.000000000001494
1940,350,54,95,4.000000000001494
1941,350,54,96,4.000000000001494
1942,350,54,97,4.000000000001494
1943,350,54,98,4.000000000001494
1944,350,54,99,4.000000000001494
1945,350,54,100,4.000000000001494
1946,350,54,101,4.000000000001494
1947,350,54,102,4.000000000001494
1948,350,54,103,4.000000000001494
1949,350,54,104,4.000000000001494
1950,350,54,105,4.000000000001494
1951,350,54,106,4.000000000001494
1952,350,54,107,4.000000000001494
1953,350,54,108,4.000000000001494
1954,350,54,109,4.000000000001494
1955,350,54,110,4.000000000001494
1956,350,54,111,4.000000000001494
1957,350,54,112,4.000000000001494
1958,350,54,113,4.000000000001494
1959,350,54,114,4.000000000001494
1960,350,54,115,4.000000000001494
1961,350,54,116,4.000000000001494
1962,350,54,117,4.000000000001494
1963,350,54,118,4.000000000001494
1964,350,54,119,4.000000000001494
1965,350,54,120,4.000000000001494
1966,350,54,121,4.000000000001494
1967,350,54,122,4.000000000001494
1968,350,54,123,4.000000000001494
1969,350,54,124,4.000000000001494
1970,350,54,125,4.000000000001494
1971,350,54,126,4.000000000001494
1972,350,54,127,4.000000000001494
1973,350,54,128,4.000000000001494
1974,350,54,129,4.000000000001494
1975,350,54,130,4.000000000001494
1976,350,54,131,4.000000000001494
1977,351,54,0,5.0
1978,351,54,1,5.0
1979,351,54,2,4.99999999999997
1980,351,54,3,4.999999999999902
1981,351,54,4,4.999999999999812
1982,351,54,5,4.99999999999973
1983,351,54,6,4.999999999999648
1984,351,54,7,4.999999999999563
1985,351,54,8,4.999999999999478
1986,351,54,9,4.9999999999993925
1987,351,54,10,4.999999999999265
1988,351,54,11,4.999999999999137
1989,351,54,12,4.9999999999990195
1990,351,54,13,4.999999999998899
1991,351,54,14,4.999999999998785
1992,351,54,15,4.9999999999986855
1993,351,54,16,4.999999999998586
1994,351,54,17,4.999999999998451
1995,351,54,18,4.999999999998337
1996,351,54,19,4.999999999998266
1997,351,54,20,4.999999999998181
1998,351,54,21,4.99999999999811
1999,351,54,22,4.999999999998039
2000,351,54,23,4.999999999997954
2001,351,54,24,4.999999999997868
2002,351,54,25,4.999999999997797
2003,351,54,26,4.999999999997712
2004,351,54,27,4.999999999997627
2005,351,54,28,4.9999999999975415
2006,351,54,29,4.999999999997435
2007,351,54,30,4.999999999997364
2008,351,54,31,4.999999999997293
2009,351,54,32,4.999999999997222
2010,351,54,33,4.999999999997151
2011,351,54,34,4.99999999999708
2012,351,54,35,4.999999999996994
2013,351,54,36,4.999999999996923
2014,351,54,37,4.999999999996852
2015,351,54,38,4.999999999996781
2016,351,54,39,4.99999999999671
2017,351,54,40,4.999999999996639
2018,351,54,41,4.999999999996568
2019,351,54,42,4.999999999996483
2020,351,54,43,4.999999999996412
2021,351,54,44,4.9999999999963265
2022,351,54,45,4.99999999999622
2023,351,54,46,4.999999999996149
2024,351,54,47,4.999999999996064
2025,351,54,48,4.9999999999959925
2026,351,54,49,4.999999999995907
2027,351,54,50,4.999999999995836
2028,351,54,51,4.999999999995765
2029,351,54,52,4.999999999995694
2030,351,54,53,4.999999999995623
2031,351,54,54,4.999999999995538
2032,351,54,55,4.9999999999954525
2033,351,54,56,4.999999999995367
2034,351,54,57,4.999999999995296
2035,351,54,58,4.999999999995211
2036,351,54,59,4.99999999999514
2037,351,54,60,4.999999999995055
2038,351,54,61,4.999999999994969
2039,351,54,62,4.999999999994898
2040,351,54,63,4.999999999994827
2041,351,54,64,4.999999999994756
2042,351,54,65,4.999999999994685
2043,351,54,66,4.999999999994614
2044,351,54,67,4.999999999994529
2045,351,54,68,4.9999999999944436
2046,351,54,69,4.999999999996454
2047,351,54,70,4.999999999996454
2048,351,54,71,4.999999999996454
2049,351,54,72,4.999999999996454
2050,351,54,73,4.999999999996454
2051,351,54,74,4.999999999996454
2052,351,54,75,4.999999999996454
2053,351,54,76,4.999999999996454
2054,351,54,77,4.999999999996454
2055,351,54,78,4.999999999996454
2056,351,54,79,4.999999999996454
2057,351,54,80,4.999999999996454
2058,351,54,81,4.999999999996454
2059,351,54,82,4.999999999996454
2060,351,54,83,4.999999999996454
2061,351,54,84,4.999999999996454
2062,351,54,85,4.999999999996454
2063,351,54,86,4.999999999996454
2064,351,54,87,4.999999999996454
2065,351,54,88,4.999999999996454
2066,351,54,89,4.999999999996454
2067,351,54,90,4.999999999996454
2068,351,54,91,4.999999999996454
2069,351,54,92,4.999999999996454
2070,351,54,93,4.999999999996454
2071,351,54,94,4.999999999996454
2072,351,54,95,4.999999999996454
2073,351,54,96,4.999999999996454
2074,351,54,97,4.999999999996454
2075,351,54,98,4.999999999996454
2076,351,54,99,4.999999999996454
2077,351,54,100,4.999999999996454
2078,351,54,101,4.999999999996454
2079,351,54,102,4.999999999996454
2080,351,54,103,4.999999999996454
2081,351,54,104,4.999999999996454
2082,351,54,105,4.999999999996454
2083,351,54,106,4.999999999996454
2084,351,54,107,4.999999999996454
2085,351,54,108,4.999999999996454
2086,351,54,109,4.999999999996454
2087,351,54,110,4.999999999996454
2088,351,54,111,4.999999999996454
2089,351,54,112,4.999999999996454
2090,351,54,113,4.999999999996454
2091,351,54,114,4.999999999996454
2092,351,54,115,4.999999999996454
2093,351,54,116,4.999999999996454
2094,351,54,117,4.999999999996454
2095,351,54,118,4.999999999996454
2096,351,54,119,4.999999999996454
2097,351,54,120,4.999999999996454
2098,351,54,121,4.999999999996454
2099,351,54,122,4.999999999996454
2100,351,54,123,4.999999999996454
2101,351,54,124,4.999999999996454
2102,351,54,125,4.999999999996454
2103,351,54,126,4.999999999996454
2104,351,54,127,4.999999999996454
2105,351,54,128,4.999999999996454
2106,351,54,129,4.999999999996454
2107,351,54,130,4.999999999996454
2108,351,54,131,4.999999999996454
2109,352,54,0,6.0
2110,352,54,1,6.0
2111,352,54,2,6.0
2112,352,54,3,4.0
2113,352,54,4,2.0
2114,352,54,6,1.85
2115,352,54,7,3.6999999999999993
2116,352,54,8,7.549999999999999
2117,352,54,9,11.4
2118,352,54,10,15.249999999999998
2119,352,54,11,19.1
2120,352,54,12,22.950000000000003
2121,352,54,13,26.8
2122,352,54,14,30.799999999999997
2123,352,54,15,34.800000000000004
2124,352,54,16,38.800000000000004
2125,352,54,17,42.800000000000004
2126,352,54,18,46.650000000000006
2127,352,54,19,50.5
2128,352,54,20,54.35
2129,352,54,21,58.2
2130,352,54,22,62.050000000000004
2131,352,54,23,59.900000000000006
2132,352,54,24,57.75000000000001
2133,352,54,25,55.60000000000001
2134,352,54,26,53.45000000000001
2135,352,54,27,51.30000000000001
2136,352,54,28,49.150000000000006
2137,352,54,29,47.00000000000001
2138,352,54,30,44.85000000000001
2139,352,54,31,42.70000000000001
2140,352,54,32,40.55000000000001
2141,352,54,33,38.40000000000001
2142,352,54,34,36.250000000000014
2143,352,54,35,34.100000000000016
2144,352,54,36,31.950000000000017
2145,352,54,37,29.80000000000001
2146,352,54,38,27.650000000000013
2147,352,54,39,25.500000000000014
2148,352,54,40,23.350000000000016
2149,352,54,41,19.450000000000017
2150,352,54,42,21.55000000000002
2151,352,54,43,23.650000000000016
2152,352,54,44,25.750000000000018
2153,352,54,45,27.85000000000002
2154,352,54,46,29.950000000000024
2155,352,54,47,32.05000000000002
2156,352,54,48,34.15000000000002
2157,352,54,49,36.25000000000002
2158,352,54,50,38.35000000000002
2159,352,54,51,40.450000000000024
2160,352,54,52,42.550000000000026
2161,352,54,53,44.65000000000003
2162,352,54,54,46.75000000000003
2163,352,54,55,48.85000000000003
2164,352,54,56,50.95000000000003
2165,352,54,57,53.05000000000003
2166,352,54,58,55.150000000000034
2167,352,54,59,57.250000000000036
2168,352,54,60,59.35000000000004
2169,352,54,61,61.45000000000004
2170,352,54,62,63.55000000000004
2171,352,54,63,59.65000000000004
2172,352,54,64,55.75000000000004
2173,352,54,65,51.850000000000044
2174,352,54,66,49.700000000000045
2175,352,54,67,49.700000000000045
2176,352,54,68,49.700000000000045
2177,352,54,69,49.700000000000045
2178,352,54,70,49.700000000000045
2179,352,54,71,49.700000000000045
2180,352,54,72,49.700000000000045
2181,352,54,73,49.700000000000045
2182,352,54,74,49.700000000000045
2183,352,54,75,49.700000000000045
2184,352,54,76,49.700000000000045
2185,352,54,77,49.700000000000045
2186,352,54,78,49.700000000000045
2187,352,54,79,49.700000000000045
2188,352,54,80,49.700000000000045
2189,352,54,81,49.700000000000045
2190,352,54,82,49.700000000000045
2191,352,54,83,49.700000000000045
2192,352,54,84,49.700000000000045
2193,352,54,85,49.700000000000045
2194,352,54,86,49.700000000000045
2195,352,54,87,49.700000000000045
2196,352,54,88,49.700000000000045
2197,352,54,89,49.700000000000045
2198,352,54,90,49.700000000000045
2199,352,54,91,49.700000000000045
2200,352,54,92,49.700000000000045
2201,352,54,93,49.700000000000045
2202,352,54,94,49.700000000000045
2203,352,54,95,49.700000000000045
2204,352,54,96,49.700000000000045
2205,352,54,97,49.700000000000045
2206,352,54,98,49.700000000000045
2207,352,54,99,49.700000000000045
2208,352,54,100,49.700000000000045
2209,352,54,101,49.700000000000045
2210,352,54,102,49.700000000000045
2211,352,54,103,49.700000000000045
2212,352,54,104,49.700000000000045
2213,352,54,105,49.700000000000045
2214,352,54,106,49.700000000000045
2215,352,54,107,49.700000000000045
2216,352,54,108,49.700000000000045
2217,352,54,109,49.700000000000045
2218,352,54,110,49.700000000000045
2219,352,54,111,49.700000000000045
2220,352,54,112,49.700000000000045
2221,352,54,113,49.700000000000045
2222,352,54,114,49.700000000000045
2223,352,54,115,49.700000000000045
2224,352,54,116,49.700000000000045
2225,352,54,117,42.700000000000045
2226,352,54,118,35.700000000000045
2227,352,54,119,35.700000000000045
2228,352,54,120,35.700000000000045
2229,352,54,121,35.700000000000045
2230,352,54,122,35.700000000000045
2231,352,54,123,35.700000000000045
2232,352,54,124,35.700000000000045
2233,352,54,125,35.700000000000045
2234,352,54,126,35.700000000000045
2235,352,54,127,35.700000000000045
2236,352,54,128,35.700000000000045
2237,352,54,129,35.700000000000045
2238,352,54,130,35.700000000000045
2239,352,54,131,35.700000000000045
2240,353,54,0,7.0
2241,353,54,1,7.0
2242,353,54,2,7.0
2243,353,54,3,6.999999999999943
2244,353,54,4,6.999999999999863
2245,353,54,5,6.999999999999719
2246,353,54,6,6.999999999999551
2247,353,54,7,6.999999999999375
2248,353,54,8,6.999999999999185
2249,353,54,9,6.9999999999989235
2250,353,54,10,6.999999999998712
2251,353,54,11,6.999999999998359
2252,353,54,12,6.999999999998034
2253,353,54,13,6.9999999999977085
2254,353,54,14,6.999999999997327
2255,353,54,15,6.999999999996973
2256,353,54,16,6.999999999996676
2257,353,54,17,6.999999999996323
2258,353,54,18,6.99999999999601
2259,353,54,19,6.999999999995689
2260,353,54,20,6.999999999995403
2261,353,54,21,6.999999999995117
2262,353,54,22,6.999999999994795
2263,353,54,23,6.999999999994474
2264,353,54,24,6.999999999994152
2265,353,54,25,6.999999999993831
2266,353,54,26,6.999999999993538
2267,353,54,27,6.9999999999932445
2268,353,54,28,6.999999999992951
2269,353,54,29,6.999999999992658
2270,353,54,30,6.999999999992365
2271,353,54,31,6.999999999992044
2272,353,54,32,6.999999999991751
2273,353,54,33,6.9999999999914575
2274,353,54,34,6.999999999991136
2275,353,54,35,6.9999999999908145
2276,353,54,36,6.999999999990493
2277,353,54,37,6.999999999990171
2278,353,54,38,6.99999999998985
2279,353,54,39,6.999999999989557
2280,353,54,40,6.999999999989235
2281,353,54,41,6.999999999988914
2282,353,54,42,6.999999999988592
2283,353,54,43,6.999999999988271
2284,353,54,44,6.999999999987949
2285,353,54,45,6.999999999987628
2286,353,54,46,6.999999999987306
2287,353,54,47,6.999999999986985
2288,353,54,48,6.999999999986663
2289,353,54,49,6.999999999986342
2290,353,54,50,6.9999999999860485
2291,353,54,51,6.999999999985755
2292,353,54,52,6.999999999985434
2293,353,54,53,6.999999999985112
2294,353,54,54,6.999999999984819
2295,353,54,55,6.999999999984526
2296,353,54,56,6.999999999984233
2297,353,54,57,6.9999999999839115
2298,353,54,58,6.99999999998359
2299,353,54,59,6.9999999999832685
2300,353,54,60,6.999999999982947
2301,353,54,61,6.9999999999826255
2302,353,54,62,6.999999999982304
2303,353,54,63,6.999999999981982
2304,353,54,64,6.999999999981661
2305,353,54,65,6.999999999981339
2306,353,54,66,6.999999999981018
2307,353,54,67,6.999999999980696
2308,353,54,68,6.999999999980375
2309,353,54,69,6.999999999980053
2310,353,54,70,6.999999999980053
2311,353,54,71,6.999999999980053
2312,353,54,72,6.999999999980053
2313,353,54,73,6.999999999980053
2314,353,54,74,6.999999999980053
2315,353,54,75,6.999999999980053
2316,353,54,76,6.999999999980053
2317,353,54,77,6.999999999980053
2318,353,54,78,6.999999999980053
2319,353,54,79,6.999999999980053
2320,353,54,80,6.999999999980053
2321,353,54,81,6.999999999980053
2322,353,54,82,6.999999999980053
2323,353,54,83,6.999999999980053
2324,353,54,84,6.999999999980053
2325,353,54,85,6.999999999980053
2326,353,54,86,6.999999999980053
2327,353,54,87,6.999999999980053
2328,353,54,88,6.999999999980053
2329,353,54,89,6.999999999980053
2330,353,54,90,6.999999999980053
2331,353,54,91,6.999999999980053
2332,353,54,92,6.999999999980053
2333,353,54,93,6.999999999980053
2334,353,54,94,6.999999999980053
2335,353,54,95,6.999999999980053
2336,353,54,96,6.999999999980053
2337,353,54,97,6.999999999980053
2338,353,54,98,6.999999999980053
2339,353,54,99,6.999999999980053
2340,353,54,100,6.999999999980053
2341,353,54,101,6.999999999980053
2342,353,54,102,6.999999999980053
2343,353,54,103,6.999999999980053
2344,353,54,104,6.999999999980053
2345,353,54,105,6.999999999980053
2346,353,54,106,6.999999999980053
2347,353,54,107,6.999999999980053
2348,353,54,108,6.999999999980053
2349,353,54,109,6.999999999980053
2350,353,54,110,6.999999999980053
2351,353,54,111,6.999999999980053
2352,353,54,112,6.999999999980053
2353,353,54,113,6.999999999980053
2354,353,54,114,6.999999999980053
2355,353,54,115,6.999999999980053
2356,353,54,116,6.999999999980053
2357,353,54,117,6.999999999980053
2358,353,54,118,6.999999999980053
2359,353,54,119,6.999999999980053
2360,353,54,120,6.999999999980053
2361,353,54,121,6.999999999980053
2362,353,54,122,6.999999999980053
2363,353,54,123,6.999999999980053
2364,353,54,124,6.999999999980053
2365,353,54,125,6.999999999980053
2366,353,54,126,6.999999999980053
2367,353,54,127,6.999999999980053
2368,353,54,128,6.999999999980053
2369,353,54,129,6.999999999980053
2370,353,54,130,6.999999999980053
2371,353,54,131,6.999999999980053
2372,354,54,0,14.0
2373,354,54,1,14.0
2374,354,54,2,14.0
2375,354,54,3,13.99999999999981
2376,354,54,4,13.99999999999981
2377,354,54,5,13.99999999999981
2378,354,54,6,13.999999999999556
2379,354,54,7,13.999999999999279
2380,354,54,8,13.999999999998941
2381,354,54,9,13.999999999998536
2382,354,54,10,13.999999999998103
2383,354,54,11,13.99999999999767
2384,354,54,12,14.0
2385,354,54,13,14.0
2386,354,54,14,14.0
2387,354,54,15,14.0000000000026
2388,354,54,16,14.0000000000026
2389,354,54,17,14.0000000000026
2390,354,54,18,14.0000000000026
2391,354,54,19,14.0000000000026
2392,354,54,20,14.000000000002839
2393,354,54,21,14.000000000003077
2394,354,54,22,14.000000000003315
2395,354,54,23,20.000000000003315
2396,354,54,24,26.00000000000331
2397,354,54,25,32.00000000000331
2398,354,54,26,38.00000000000331
2399,354,54,27,44.00000000000331
2400,354,54,28,50.0
2401,354,54,29,56.0
2402,354,54,30,62.0
2403,354,54,31,68.0
2404,354,54,32,74.0
2405,354,54,33,80.0
2406,354,54,34,86.0
2407,354,54,35,92.0
2408,354,54,36,98.0
2409,354,54,37,104.0
2410,354,54,38,110.0
2411,354,54,39,116.0
2412,354,54,40,122.0
2413,354,54,41,128.0
2414,354,54,42,128.0
2415,354,54,43,128.0
2416,354,54,44,128.0
2417,354,54,45,128.0
2418,354,54,46,128.0
2419,354,54,47,128.0
2420,354,54,48,128.0
2421,354,54,49,128.0
2422,354,54,50,128.0
2423,354,54,51,128.0
2424,354,54,52,128.0
2425,354,54,53,128.0
2426,354,54,54,128.0
2427,354,54,55,128.0
2428,354,54,56,128.0
2429,354,54,57,128.0
2430,354,54,58,128.0
2431,354,54,59,128.0
2432,354,54,60,128.0
2433,354,54,61,128.0
2434,354,54,62,128.0
2435,354,54,63,128.0
2436,354,54,64,128.0
2437,354,54,65,128.0
2438,354,54,66,128.0
2439,354,54,67,128.0
2440,354,54,68,128.0
2441,354,54,69,128.0
2442,354,54,70,128.0
2443,354,54,71,128.0
2444,354,54,72,128.0
2445,354,54,73,128.0
2446,354,54,74,128.0
2447,354,54,75,128.0
2448,354,54,76,128.0
2449,354,54,77,128.0
2450,354,54,78,128.0
2451,354,54,79,128.0
2452,354,54,80,128.0
2453,354,54,81,128.0
2454,354,54,82,128.0
2455,354,54,83,128.0
2456,354,54,84,128.0
2457,354,54,85,128.0
2458,354,54,86,128.0
2459,354,54,87,128.0
2460,354,54,88,128.0
2461,354,54,89,128.0
2462,354,54,90,128.0
2463,354,54,91,128.0
2464,354,54,92,128.0
2465,354,54,93,128.0
2466,354,54,94,128.0
2467,354,54,95,128.0
2468,354,54,96,128.0
2469,354,54,97,128.0
2470,354,54,98,128.0
2471,354,54,99,128.0
2472,354,54,100,128.0
2473,354,54,101,128.0
2474,354,54,102,128.0
2475,354,54,103,128.0
2476,354,54,104,128.0
2477,354,54,105,128.0
2478,354,54,106,128.0
2479,354,54,107,128.0
2480,354,54,108,128.0
2481,354,54,109,128.0
2482,354,54,110,128.0
2483,354,54,111,128.0
2484,354,54,112,128.0
2485,354,54,113,128.0
2486,354,54,114,128.0
2487,354,54,115,128.0
2488,354,54,116,128.0
2489,354,54,117,128.0
2490,354,54,118,128.0
2491,354,54,119,128.0
2492,354,54,120,128.0
2493,354,54,121,128.0
2494,354,54,122,128.0
2495,354,54,123,128.0
2496,354,54,124,128.0
2497,354,54,125,128.0
2498,354,54,126,128.0
2499,354,54,127,128.0
2500,354,54,128,128.0
2501,354,54,129,128.0
2502,354,54,130,128.0
2503,354,54,131,128.0
2504,360,62,0,7.0
2505,360,62,1,7.0
2506,360,62,2,7.0
2507,360,62,3,7.0
2508,360,62,4,7.0
2509,360,62,5,7.0
2510,360,62,6,7.0
2511,360,62,7,7.0
2512,360,62,8,7.0
2513,360,62,9,7.0
2514,360,62,10,7.0
2515,360,62,11,7.0
2516,360,62,12,7.0
2517,360,62,13,7.0
2518,360,62,14,7.0
2519,360,62,15,7.0
2520,360,62,16,7.0
2521,360,62,17,7.0
2522,360,62,18,7.0
2523,360,62,19,7.0
2524,360,62,20,7.0
2525,360,62,21,7.0
2526,360,62,22,7.0
2527,360,62,23,7.0
2528,360,62,24,7.0
2529,360,62,25,7.0
2530,360,62,26,7.0
2531,360,62,27,7.0
2532,360,62,28,7.0
2533,360,62,29,7.0
2534,360,62,30,7.0
2535,360,62,31,7.0
2536,360,62,32,7.0
2537,360,62,33,7.0
2538,360,62,34,7.0
2539,360,62,35,7.0
2540,360,62,36,7.0
2541,360,62,37,7.0
2542,360,62,38,7.0
2543,360,62,39,7.0
2544,360,62,40,7.0
2545,360,62,41,7.0
2546,360,62,42,7.0
2547,360,62,43,7.0
2548,360,62,44,7.0
2549,360,62,45,7.0
2550,360,62,46,7.0
2551,360,62,47,7.0
2552,360,62,48,7.0
2553,360,62,49,7.0
2554,360,62,50,7.0
2555,360,62,51,7.0
2556,360,62,52,7.0
2557,360,62,53,7.0
2558,360,62,54,7.0
2559,360,62,55,7.0
2560,360,62,56,7.0
2561,360,62,57,7.0
2562,360,62,58,7.0
2563,360,62,59,7.0
2564,360,62,60,7.0
2565,360,62,61,7.0
2566,360,62,62,7.0
2567,360,62,63,7.0
2568,360,62,64,7.0
2569,360,62,65,7.0
2570,360,62,66,7.0
2571,360,62,67,7.0
2572,360,62,68,7.0
2573,360,62,69,7.0
2574,360,62,70,7.0
2575,360,62,71,7.0
2576,360,62,72,7.0
2577,360,62,73,7.0
2578,360,62,74,7.0
2579,360,62,75,7.0
2580,360,62,76,7.0
2581,360,62,77,7.0
2582,360,62,78,7.0
2583,360,62,79,7.0
2584,360,62,80,7.0
2585,360,62,81,7.0
2586,360,62,82,7.0
2587,360,62,83,7.0
2588,360,62,84,7.0
2589,360,62,85,7.0
2590,360,62,86,7.0
2591,360,62,87,7.0
2592,360,62,88,7.0
2593,360,62,89,7.0
2594,360,62,90,7.0
2595,360,62,91,7.0
2596,360,62,92,7.0
2597,360,62,93,7.0
2598,360,62,94,7.0
2599,360,62,95,7.0
2600,360,62,96,7.0
2601,360,62,97,7.0
2602,360,62,98,7.0
2603,360,62,99,7.0
2604,360,62,100,7.0
2605,360,62,101,7.0
2606,360,62,102,7.0
2607,360,62,103,7.0
2608,360,62,104,7.0
2609,360,62,105,7.0
2610,360,62,106,7.0
2611,360,62,107,7.0
2612,360,62,108,7.0
2613,360,62,109,7.0
2614,360,62,110,7.0
2615,360,62,111,7.0
2616,360,62,112,7.0
2617,360,62,113,7.0
2618,360,62,114,7.0
2619,360,62,115,7.0
2620,360,62,116,7.0
2621,360,62,117,7.0
2622,360,62,118,7.0
2623,360,62,119,7.0
2624,360,62,120,7.0
2625,360,62,121,7.0
2626,360,62,122,7.0
2627,360,62,123,7.0
2628,360,62,124,7.0
2629,360,62,125,7.0
2630,360,62,126,7.0
2631,360,62,127,7.0
2632,360,62,128,7.0
2633,360,62,129,7.0
2634,360,62,130,7.0
2635,360,62,131,7.0
2636,361,62,0,10.0
2637,361,62,1,10.0
2638,361,62,2,10.0
2639,361,62,3,10.0
2640,361,62,4,10.0
2641,361,62,5,10.0
2642,361,62,6,10.0
2643,361,62,7,10.0
2644,361,62,8,10.0
2645,361,62,9,10.0
2646,361,62,10,10.0
2647,361,62,11,10.0
2648,361,62,12,10.0
2649,361,62,13,10.0
2650,361,62,14,10.0
2651,361,62,15,10.0
2652,361,62,16,10.0
2653,361,62,17,10.0
2654,361,62,18,10.0
2655,361,62,19,10.0
2656,361,62,20,10.0
2657,361,62,21,10.0
2658,361,62,22,10.0
2659,361,62,23,10.0
2660,361,62,24,10.0
2661,361,62,25,10.0
2662,361,62,26,10.0
2663,361,62,27,10.0
2664,361,62,28,10.0
2665,361,62,29,10.0
2666,361,62,30,10.0
2667,361,62,31,10.0
2668,361,62,32,10.0
2669,361,62,33,10.0
2670,361,62,34,10.0
2671,361,62,35,10.0
2672,361,62,36,10.0
2673,361,62,37,10.0
2674,361,62,38,10.0
2675,361,62,39,10.0
2676,361,62,40,10.0
2677,361,62,41,10.0
2678,361,62,42,10.0
2679,361,62,43,10.0
2680,361,62,44,10.0
2681,361,62,45,10.0
2682,361,62,46,10.0
2683,361,62,47,10.0
2684,361,62,48,10.0
2685,361,62,49,10.0
2686,361,62,50,10.0
2687,361,62,51,10.0
2688,361,62,52,10.0
2689,361,62,53,10.0
2690,361,62,54,10.0
2691,361,62,55,10.0
2692,361,62,56,10.0
2693,361,62,57,10.0
2694,361,62,58,10.0
2695,361,62,59,10.0
2696,361,62,60,10.0
2697,361,62,61,10.0
2698,361,62,62,10.0
2699,361,62,63,10.0
2700,361,62,64,10.0
2701,361,62,65,10.0
2702,361,62,66,10.0
2703,361,62,67,10.0
2704,361,62,68,10.0
2705,361,62,69,10.0
2706,361,62,70,10.0
2707,361,62,71,10.0
2708,361,62,72,10.0
2709,361,62,73,10.0
2710,361,62,74,10.0
2711,361,62,75,10.0
2712,361,62,76,10.0
2713,361,62,77,10.0
2714,361,62,78,10.0
2715,361,62,79,10.0
2716,361,62,80,10.0
2717,361,62,81,10.0
2718,361,62,82,10.0
2719,361,62,83,10.0
2720,361,62,84,10.0
2721,361,62,85,10.0
2722,361,62,86,10.0
2723,361,62,87,10.0
2724,361,62,88,10.0
2725,361,62,89,10.0
2726,361,62,90,10.0
2727,361,62,91,10.0
2728,361,62,92,10.0
2729,361,62,93,10.0
2730,361,62,94,10.0
2731,361,62,95,10.0
2732,361,62,96,10.0
2733,361,62,97,10.0
2734,361,62,98,10.0
2735,361,62,99,10.0
2736,361,62,100,10.0
2737,361,62,101,10.0
2738,361,62,102,10.0
2739,361,62,103,10.0
2740,361,62,104,10.0
2741,361,62,105,10.0
2742,361,62,106,10.0
2743,361,62,107,10.0
2744,361,62,108,10.0
2745,361,62,109,10.0
2746,361,62,110,10.0
2747,361,62,111,10.0
2748,361,62,112,10.0
2749,361,62,113,10.0
2750,361,62,114,10.0
2751,361,62,115,10.0
2752,361,62,116,10.0
2753,361,62,117,10.0
2754,361,62,118,10.0
2755,361,62,119,10.0
2756,361,62,120,10.0
2757,361,62,121,10.0
2758,361,62,122,10.0
2759,361,62,123,10.0
2760,361,62,124,10.0
2761,361,62,125,10.0
2762,361,62,126,10.0
2763,361,62,127,10.0
2764,361,62,128,10.0
2765,361,62,129,10.0
2766,361,62,130,10.0
2767,361,62,131,10.0
2768,371,62,0,10.0
2769,371,62,1,10.0
2770,371,62,2,10.0
2771,371,62,3,10.0
2772,371,62,4,10.0
2773,371,62,5,10.0
2774,371,62,6,10.0
2775,371,62,7,10.0
2776,371,62,8,10.0
2777,371,62,9,10.0
2778,371,62,10,10.0
2779,371,62,11,10.0
2780,371,62,12,10.0
2781,371,62,13,10.0
2782,371,62,14,10.0
2783,371,62,15,10.0
2784,371,62,16,10.0
2785,371,62,17,10.0
2786,371,62,18,10.0
2787,371,62,19,10.0
2788,371,62,20,10.0
2789,371,62,21,10.0
2790,371,62,22,10.0
2791,371,62,23,10.0
2792,371,62,24,10.0
2793,371,62,25,10.0
2794,371,62,26,10.0
2795,371,62,27,10.0
2796,371,62,28,10.0
2797,371,62,29,10.0
2798,371,62,30,10.0
2799,371,62,31,10.0
2800,371,62,32,10.0
2801,371,62,33,10.0
2802,371,62,34,10.0
2803,371,62,35,10.0
2804,371,62,36,10.0
2805,371,62,37,10.0
2806,371,62,38,10.0
2807,371,62,39,10.0
2808,371,62,40,10.0
2809,371,62,41,10.0
2810,371,62,42,10.0
2811,371,62,43,10.0
2812,371,62,44,10.0
2813,371,62,45,10.0
2814,371,62,46,10.0
2815,371,62,47,10.0
2816,371,62,48,10.0
2817,371,62,49,10.0
2818,371,62,50,10.0
2819,371,62,51,10.0
2820,371,62,52,10.0
2821,371,62,53,10.0
2822,371,62,54,10.0
2823,371,62,55,10.0
2824,371,62,56,10.0
2825,371,62,57,10.0
2826,371,62,58,10.0
2827,371,62,59,10.0
2828,371,62,60,10.0
2829,371,62,61,10.0
2830,371,62,62,10.0
2831,371,62,63,10.0
2832,371,62,64,10.0
2833,371,62,65,10.0
2834,371,62,66,10.0
2835,371,62,67,10.0
2836,371,62,68,10.0
2837,371,62,69,10.0
2838,371,62,70,10.0
2839,371,62,71,10.0
2840,371,62,72,10.0
2841,371,62,73,10.0
2842,371,62,74,10.0
2843,371,62,75,10.0
2844,371,62,76,10.0
2845,371,62,77,10.0
2846,371,62,78,10.0
2847,371,62,79,10.0
2848,371,62,80,10.0
2849,371,62,81,10.0
2850,371,62,82,10.0
2851,371,62,83,10.0
2852,371,62,84,10.0
2853,371,62,85,10.0
2854,371,62,86,10.0
2855,371,62,87,10.0
2856,371,62,88,10.0
2857,371,62,89,10.0
2858,371,62,90,10.0
2859,371,62,91,10.0
2860,371,62,92,10.0
2861,371,62,93,10.0
2862,371,62,94,10.0
2863,371,62,95,10.0
2864,371,62,96,10.0
2865,371,62,97,10.0
2866,371,62,98,10.0
2867,371,62,99,10.0
2868,371,62,100,10.0
2869,371,62,101,10.0
2870,371,62,102,10.0
2871,371,62,103,10.0
2872,371,62,104,10.0
2873,371,62,105,10.0
2874,371,62,106,10.0
2875,371,62,107,10.0
2876,371,62,108,10.0
2877,371,62,109,10.0
2878,371,62,110,10.0
2879,371,62,111,10.0
2880,371,62,112,10.0
2881,371,62,113,10.0
2882,371,62,114,10.0
2883,371,62,115,10.0
2884,371,62,116,10.0
2885,371,62,117,10.0
2886,371,62,118,10.0
2887,371,62,119,10.0
2888,371,62,120,10.0
2889,371,62,121,10.0
2890,371,62,122,10.0
2891,371,62,123,10.0
2892,371,62,124,10.0
2893,371,62,125,10.0
2894,371,62,126,10.0
2895,371,62,127,10.0
2896,371,62,128,10.0
2897,371,62,129,10.0
2898,371,62,130,10.0
2899,371,62,131,10.0
2900,373,62,0,10.0
2901,373,62,1,10.0
2902,373,62,2,10.0
2903,373,62,3,10.0
2904,373,62,4,10.0
2905,373,62,5,10.0
2906,373,62,6,10.0
2907,373,62,7,10.0
2908,373,62,8,10.0
2909,373,62,9,10.0
2910,373,62,10,10.0
2911,373,62,11,10.0
2912,373,62,12,10.0
2913,373,62,13,10.0
2914,373,62,14,10.0
2915,373,62,15,10.0
2916,373,62,16,10.0
2917,373,62,17,10.0
2918,373,62,18,10.0
2919,373,62,19,10.0
2920,373,62,20,10.0
2921,373,62,21,10.0
2922,373,62,22,10.0
2923,373,62,23,10.0
2924,373,62,24,10.0
2925,373,62,25,10.0
2926,373,62,26,10.0
2927,373,62,27,10.0
2928,373,62,28,10.0
2929,373,62,29,10.0
2930,373,62,30,10.0
2931,373,62,31,10.0
2932,373,62,32,10.0
2933,373,62,33,10.0
2934,373,62,34,10.0
2935,373,62,35,10.0
2936,373,62,36,10.0
2937,373,62,37,10.0
2938,373,62,38,10.0
2939,373,62,39,10.0
2940,373,62,40,10.0
2941,373,62,41,10.0
2942,373,62,42,10.0
2943,373,62,43,10.0
2944,373,62,44,10.0
2945,373,62,45,10.0
2946,373,62,46,10.0
2947,373,62,47,10.0
2948,373,62,48,10.0
2949,373,62,49,10.0
2950,373,62,50,10.0
2951,373,62,51,10.0
2952,373,62,52,10.0
2953,373,62,53,10.0
2954,373,62,54,10.0
2955,373,62,55,10.0
2956,373,62,56,10.0
2957,373,62,57,10.0
2958,373,62,58,10.0
2959,373,62,59,10.0
2960,373,62,60,10.0
2961,373,62,61,10.0
2962,373,62,62,10.0
2963,373,62,63,10.0
2964,373,62,64,10.0
2965,373,62,65,10.0
2966,373,62,66,10.0
2967,373,62,67,10.0
2968,373,62,68,10.0
2969,373,62,69,10.0
2970,373,62,70,10.0
2971,373,62,71,10.0
2972,373,62,72,10.0
2973,373,62,73,10.0
2974,373,62,74,10.0
2975,373,62,75,10.0
2976,373,62,76,10.0
2977,373,62,77,10.0
2978,373,62,78,10.0
2979,373,62,79,10.0
2980,373,62,80,10.0
2981,373,62,81,10.0
2982,373,62,82,10.0
2983,373,62,83,10.0
2984,373,62,84,10.0
2985,373,62,85,10.0
2986,373,62,86,10.0
2987,373,62,87,10.0
2988,373,62,88,10.0
2989,373,62,89,10.0
2990,373,62,90,10.0
2991,373,62,91,10.0
2992,373,62,92,10.0
2993,373,62,93,10.0
2994,373,62,94,10.0
2995,373,62,95,18.0
2996,373,62,96,26.0
2997,373,62,97,34.0
2998,373,62,98,39.0
2999,373,62,99,43.0
3000,373,62,100,47.0
3001,373,62,101,51.0
3002,373,62,102,59.0
3003,373,62,103,67.0
3004,373,62,104,75.0
3005,373,62,105,83.0
3006,373,62,106,90.0
3007,373,62,107,97.0
3008,373,62,108,104.0
3009,373,62,109,111.0
3010,373,62,110,118.0
3011,373,62,111,125.0
3012,373,62,112,131.25
3013,373,62,113,138.0
3014,373,62,114,144.25
3015,373,62,115,150.5
3016,373,62,116,157.5
3017,373,62,117,163.75
3018,373,62,118,170.0
3019,373,62,119,177.0
3020,373,62,120,181.6
3021,373,62,121,178.85
3022,373,62,122,176.1
3023,373,62,123,173.35
3024,373,62,124,170.6
3025,373,62,125,167.85
3026,373,62,126,165.1
3027,373,62,127,162.35
3028,373,62,128,156.6
3029,373,62,129,150.85
3030,373,62,130,145.1
3031,373,62,131,148.35
3032,374,62,0,68.0
3033,374,62,1,68.0
3034,374,62,2,68.0
3035,374,62,3,68.0
3036,374,62,4,68.0
3037,374,62,5,68.0
3038,374,62,6,68.0
3039,374,62,7,68.0
3040,374,62,8,68.0
3041,374,62,9,68.0
3042,374,62,10,68.0
3043,374,62,11,68.0
3044,374,62,12,68.0
3045,374,62,13,68.0
3046,374,62,14,68.0
3047,374,62,15,68.0
3048,374,62,16,68.0
3049,374,62,17,68.0
3050,374,62,18,68.0
3051,374,62,19,68.0
3052,374,62,20,68.0
3053,374,62,21,68.0
3054,374,62,22,68.0
3055,374,62,23,68.0
3056,374,62,24,68.0
3057,374,62,25,68.0
3058,374,62,26,68.0
3059,374,62,27,68.0
3060,374,62,28,68.0
3061,374,62,29,68.0
3062,374,62,30,68.0
3063,374,62,31,68.0
3064,374,62,32,68.0
3065,374,62,33,68.0
3066,374,62,34,68.0
3067,374,62,35,68.0
3068,374,62,36,68.0
3069,374,62,37,68.0
3070,374,62,38,68.0
3071,374,62,39,68.0
3072,374,62,40,68.0
3073,374,62,41,68.0
3074,374,62,42,68.0
3075,374,62,43,68.0
3076,374,62,44,68.0
3077,374,62,45,68.0
3078,374,62,46,68.0
3079,374,62,47,68.0
3080,374,62,48,68.0
3081,374,62,49,68.0
3082,374,62,50,68.0
3083,374,62,51,68.0
3084,374,62,52,68.0
3085,374,62,53,68.0
3086,374,62,54,68.0
3087,374,62,55,68.0
3088,374,62,56,68.0
3089,374,62,57,68.0
3090,374,62,58,68.0
3091,374,62,59,68.0
3092,374,62,60,68.0
3093,374,62,61,68.0
3094,374,62,62,68.0
3095,374,62,63,68.0
3096,374,62,64,68.0
3097,374,62,65,68.0
3098,374,62,66,68.0
3099,374,62,67,68.0
3100,374,62,68,68.0
3101,374,62,69,68.0
3102,374,62,70,68.0
3103,374,62,71,68.0
3104,374,62,72,68.0
3105,374,62,73,68.0
3106,374,62,74,68.0
3107,374,62,75,68.0
3108,374,62,76,68.0
3109,374,62,77,68.0
3110,374,62,78,68.0
3111,374,62,79,68.0
3112,374,62,80,68.0
3113,374,62,81,68.0
3114,374,62,82,68.0
3115,374,62,83,68.0
3116,374,62,84,68.0
3117,374,62,85,68.0
3118,374,62,86,68.0
3119,374,62,87,68.0
3120,374,62,88,68.0
3121,374,62,89,68.0
3122,374,62,90,68.0
3123,374,62,91,68.0
3124,374,62,92,68.0
3125,374,62,93,68.0
3126,374,62,94,68.0
3127,374,62,95,68.0
3128,374,62,96,68.0
3129,374,62,97,68.0
3130,374,62,98,68.0
3131,374,62,99,68.0
3132,374,62,100,68.0
3133,374,62,101,68.0
3134,374,62,102,68.0
3135,374,62,103,68.0
3136,374,62,104,68.0
3137,374,62,105,68.0
3138,374,62,106,68.0
3139,374,62,107,68.0
3140,374,62,108,68.0
3141,374,62,109,68.0
3142,374,62,110,68.0
3143,374,62,111,68.0
3144,374,62,112,68.0
3145,374,62,113,68.0
3146,374,62,114,68.0
3147,374,62,115,68.0
3148,374,62,116,68.0
3149,374,62,117,68.0
3150,374,62,118,68.0
3151,374,62,119,68.0
3152,374,62,120,68.0
3153,374,62,121,68.0
3154,374,62,122,68.0
3155,374,62,123,68.0
3156,374,62,124,68.0
3157,374,62,125,68.0
3158,374,62,126,68.0
3159,374,62,127,68.0
3160,374,62,128,68.0
3161,374,62,129,68.0
3162,374,62,130,68.0
3163,374,62,131,68.0
