,Tank Farm,Line,Event Type,Start Date Time,Batch,Sup/Con,Tankage,Actual,Total,BPH,SuperBatch,Stop Date Time,Start,Stop
1,ATJ,01,BATCHSTART,9/24/2023 7:12:39 AM,BPO-A3-521,,,170000,170000,14923,JA1-A3-521,9/24/2023 6:36:09 PM,2023-09-24 07:12:39,2023-09-24 18:36:09
3,ATJ,01,BATCHSTART,9/24/2023 6:36:09 PM,BZA-A3-521,,,22500,22500,14923,JA1-A3-521,9/24/2023 8:06:37 PM,2023-09-24 18:36:09,2023-09-24 20:06:37
5,ATJ,01,BATCHSTART,9/24/2023 8:06:37 PM,CHV-A3-521,,,11000,11000,14923,JA1-A3-521,9/24/2023 8:50:51 PM,2023-09-24 20:06:37,2023-09-24 20:50:51
7,ATJ,01,BATCHSTART,9/24/2023 8:50:51 PM,CIT-A3-521,,,41500,41500,14923,JA1-A3-521,9/24/2023 11:37:42 PM,2023-09-24 20:50:51,2023-09-24 23:37:42
9,ATJ,01,BATCHSTART,9/24/2023 11:37:42 PM,CKS-A3-521,,,5000,5000,14923,JA1-A3-521,9/24/2023 11:57:48 PM,2023-09-24 23:37:42,2023-09-24 23:57:48
11,ATJ,01,BATCHSTART,9/24/2023 11:57:48 PM,CNL-A3-521,,,7500,7500,14923,JA1-A3-521,9/25/2023 12:27:58 AM,2023-09-24 23:57:48,2023-09-25 00:27:58
13,ATJ,01,BATCHSTART,9/25/2023 12:27:58 AM,CWH-A3-521,,,5000,5000,14923,JA1-A3-521,9/25/2023 12:48:04 AM,2023-09-25 00:27:58,2023-09-25 00:48:04
15,ATJ,01,BATCHSTART,9/25/2023 12:48:04 AM,DKS-A3-521,,,56500,56500,14923,JA1-A3-521,9/25/2023 4:35:14 AM,2023-09-25 00:48:04,2023-09-25 04:35:14
17,ATJ,01,BATCHSTART,9/25/2023 4:35:14 AM,FHR-A3-521,,,15000,15000,14923,JA1-A3-521,9/25/2023 5:35:33 AM,2023-09-25 04:35:14,2023-09-25 05:35:33
19,ATJ,01,BATCHSTART,9/25/2023 5:35:33 AM,GUT-A3-521,,,7500,7500,14923,JA1-A3-521,9/25/2023 6:05:42 AM,2023-09-25 05:35:33,2023-09-25 06:05:42
21,ATJ,01,BATCHSTART,9/25/2023 6:05:42 AM,HOM-A3-521,,,25500,25500,14923,JA1-A3-521,9/25/2023 7:48:13 AM,2023-09-25 06:05:42,2023-09-25 07:48:13
23,ATJ,01,BATCHSTART,9/25/2023 7:48:13 AM,MAC-A3-521,,,265500,265500,14923,JA1-A3-521,9/26/2023 1:35:42 AM,2023-09-25 07:48:13,2023-09-26 01:35:42
25,ATJ,01,BATCHSTART,9/26/2023 1:35:42 AM,MGC-A3-521,,,15000,15000,14923,JA1-A3-521,9/26/2023 2:36:01 AM,2023-09-26 01:35:42,2023-09-26 02:36:01
27,ATJ,01,BATCHSTART,9/26/2023 2:36:01 AM,MOB-A3-521,,,85000,85000,14923,JA1-A3-521,9/26/2023 8:17:46 AM,2023-09-26 02:36:01,2023-09-26 08:17:46
29,ATJ,01,BATCHSTART,9/26/2023 8:17:46 AM,MTV-A3-521,,,176000,176000,14923,JA1-A3-521,9/26/2023 8:05:24 PM,2023-09-26 08:17:46,2023-09-26 20:05:24
31,ATJ,01,BATCHSTART,9/26/2023 8:05:24 PM,MUC-A3-522,,,107500,107500,14923,JA1-A3-521,9/27/2023 3:17:37 AM,2023-09-26 20:05:24,2023-09-27 03:17:37
33,ATJ,01,BATCHSTART,9/27/2023 3:17:37 AM,MXE-A3-521,,,7500,7500,14923,JA1-A3-521,9/27/2023 3:47:46 AM,2023-09-27 03:17:37,2023-09-27 03:47:46
35,ATJ,01,BATCHSTART,9/27/2023 3:47:46 AM,MXE-A3-522,,,25000,25000,14923,JA1-A3-521,9/27/2023 5:28:17 AM,2023-09-27 03:47:46,2023-09-27 05:28:17
37,ATJ,01,BATCHSTART,9/27/2023 5:28:17 AM,MXE-A3-526,,,22500,22500,14923,JA1-A3-521,9/27/2023 6:58:45 AM,2023-09-27 05:28:17,2023-09-27 06:58:45
39,ATJ,01,BATCHSTART,9/27/2023 6:58:45 AM,MXE-A3-523,,,20000,20000,14923,JA1-A3-521,9/27/2023 8:19:10 AM,2023-09-27 06:58:45,2023-09-27 08:19:10
41,ATJ,01,BATCHSTART,9/27/2023 8:19:10 AM,PBF-A3-521,,,30000,30000,14923,JA1-A3-521,9/27/2023 10:19:47 AM,2023-09-27 08:19:10,2023-09-27 10:19:47
43,ATJ,01,BATCHSTART,9/27/2023 10:19:47 AM,PHI-A3-521,,,45500,45500,14923,JA1-A3-521,9/27/2023 1:22:43 PM,2023-09-27 10:19:47,2023-09-27 13:22:43
45,ATJ,01,BATCHSTART,9/27/2023 1:22:43 PM,QTC-A3-521,,,190000,190000,14923,JA1-A3-521,9/28/2023 2:06:39 AM,2023-09-27 13:22:43,2023-09-28 02:06:39
47,ATJ,01,BATCHSTART,9/28/2023 2:06:39 AM,RKO-A3-521,,,35000,35000,14923,JA1-A3-521,9/28/2023 4:27:22 AM,2023-09-28 02:06:39,2023-09-28 04:27:22
49,ATJ,01,BATCHSTART,9/28/2023 4:27:22 AM,SUN-A3-521,,,23000,23000,14923,JA1-A3-521,9/28/2023 5:59:51 AM,2023-09-28 04:27:22,2023-09-28 05:59:51
51,ATJ,01,BATCHSTART,9/28/2023 5:59:51 AM,TAR-A3-521,,,95000,95000,14923,JA1-A3-521,9/28/2023 12:21:48 PM,2023-09-28 05:59:51,2023-09-28 12:21:48
53,ATJ,01,BATCHSTART,9/28/2023 12:21:48 PM,TOP-A3-521,,,18500,18500,14923,JA1-A3-521,9/28/2023 1:36:11 PM,2023-09-28 12:21:48,2023-09-28 13:36:11
55,ATJ,01,BATCHSTART,9/28/2023 1:36:11 PM,TRA-A3-521,,,10000,10000,14923,JA1-A3-521,9/28/2023 2:16:24 PM,2023-09-28 13:36:11,2023-09-28 14:16:24
57,ATJ,01,BATCHSTART,9/28/2023 2:16:24 PM,VAL-A3-52D,,,4000,4000,14923,JA1-A3-521,9/28/2023 2:32:28 PM,2023-09-28 14:16:24,2023-09-28 14:32:28
59,ATJ,01,BATCHSTART,9/28/2023 2:32:28 PM,VAL-A3-52E,,,66000,66000,14923,JA1-A3-521,9/28/2023 6:57:50 PM,2023-09-28 14:32:28,2023-09-28 18:57:50
61,ATJ,01,BATCHSTART,9/28/2023 6:57:50 PM,CIT-A3-522,,,25000,25000,14923,JA1-A3-521,9/28/2023 8:38:21 PM,2023-09-28 18:57:50,2023-09-28 20:38:21
63,ATJ,01,BATCHSTART,9/28/2023 8:38:21 PM,SHT-A3-52B,,,143984,144000,14923,JA1-A3-521,9/29/2023 6:17:16 AM,2023-09-28 20:38:21,2023-09-29 06:17:16
67,ATJ,01,BATCHSTART,10/1/2023 12:26:16 AM,TAR-M3-521,,,17500,17500,8500,JA1-M3-521,10/1/2023 2:29:48 AM,2023-10-01 00:26:16,2023-10-01 02:29:48
71,ATJ,01,BATCHSTART,10/1/2023 10:51:20 AM,CIT-D3-521,,,6500,6500,20784,JA1-D3-521,10/1/2023 11:10:06 AM,2023-10-01 10:51:20,2023-10-01 11:10:06
73,ATJ,01,BATCHSTART,10/1/2023 11:10:06 AM,MAC-D3-521,,,37500,37500,20784,JA1-D3-521,10/1/2023 12:58:21 PM,2023-10-01 11:10:06,2023-10-01 12:58:21
75,ATJ,01,BATCHSTART,10/1/2023 12:58:21 PM,MOB-D3-521,,,7500,7500,20784,JA1-D3-521,10/1/2023 1:20:00 PM,2023-10-01 12:58:21,2023-10-01 13:20:00
77,ATJ,01,BATCHSTART,10/1/2023 1:20:00 PM,MTV-D3-521,,,25000,25000,20784,JA1-D3-521,10/1/2023 2:32:10 PM,2023-10-01 13:20:00,2023-10-01 14:32:10
79,ATJ,01,BATCHSTART,10/1/2023 2:32:10 PM,MUC-D3-522,,,3500,3500,20784,JA1-D3-521,10/1/2023 2:42:17 PM,2023-10-01 14:32:10,2023-10-01 14:42:17
81,ATJ,01,BATCHSTART,10/1/2023 2:42:17 PM,MXE-D3-521,,,25000,25000,20784,JA1-D3-521,10/1/2023 3:54:27 PM,2023-10-01 14:42:17,2023-10-01 15:54:27
83,ATJ,01,BATCHSTART,10/1/2023 3:54:27 PM,PHI-D3-521,,,15000,15000,20784,JA1-D3-521,10/1/2023 4:37:45 PM,2023-10-01 15:54:27,2023-10-01 16:37:45
85,ATJ,01,BATCHSTART,10/1/2023 4:37:45 PM,TAR-D3-521,,,5000,5000,20784,JA1-D3-521,10/1/2023 4:52:11 PM,2023-10-01 16:37:45,2023-10-01 16:52:11
87,ATJ,01,BATCHSTART,10/1/2023 4:52:11 PM,BPO-D3-521,,,29500,29500,20784,JA1-D3-521,10/1/2023 6:17:21 PM,2023-10-01 16:52:11,2023-10-01 18:17:21
89,ATJ,01,BATCHSTART,10/1/2023 6:17:21 PM,VAL-D3-52D,,,15000,15000,20784,JA1-D3-521,10/1/2023 7:00:39 PM,2023-10-01 18:17:21,2023-10-01 19:00:39
91,ATJ,01,BATCHSTART,10/1/2023 7:00:39 PM,SHT-D3-52B,,,12500,12500,20784,JA1-D3-521,10/1/2023 7:36:44 PM,2023-10-01 19:00:39,2023-10-01 19:36:44
95,ATJ,02,BATCHSTART,9/24/2023 9:26:14 AM,AAL-54-521,,,12500,12500,8303,JA1-54-521,9/24/2023 10:56:34 AM,2023-09-24 09:26:14,2023-09-24 10:56:34
97,ATJ,02,BATCHSTART,9/24/2023 10:56:34 AM,BZA-54-521,,,10000,10000,8303,JA1-54-521,9/24/2023 12:08:49 PM,2023-09-24 10:56:34,2023-09-24 12:08:49
99,ATJ,02,BATCHSTART,9/24/2023 12:08:49 PM,EPV-54-521,,,15000,15000,8303,JA1-54-521,9/24/2023 1:57:13 PM,2023-09-24 12:08:49,2023-09-24 13:57:13
101,ATJ,02,BATCHSTART,9/24/2023 1:57:13 PM,ETI-54-521,,,199000,199000,8303,JA1-54-521,9/25/2023 1:55:15 PM,2023-09-24 13:57:13,2023-09-25 13:55:15
103,ATJ,02,BATCHSTART,9/25/2023 1:55:15 PM,PHI-54-521,,,8000,8000,8303,JA1-54-521,9/25/2023 2:53:04 PM,2023-09-25 13:55:15,2023-09-25 14:53:04
105,ATJ,02,BATCHSTART,9/25/2023 2:53:04 PM,SWJ-54-521,,,35000,35000,8303,JA1-54-521,9/25/2023 7:05:59 PM,2023-09-25 14:53:04,2023-09-25 19:05:59
107,ATJ,02,BATCHSTART,9/25/2023 7:05:59 PM,TMS-56-521,,,15000,15000,8303,JA1-54-521,9/25/2023 8:54:23 PM,2023-09-25 19:05:59,2023-09-25 20:54:23
109,ATJ,02,BATCHSTART,9/25/2023 8:54:23 PM,TMS-54-521,,,20000,20000,8303,JA1-54-521,9/25/2023 11:18:54 PM,2023-09-25 20:54:23,2023-09-25 23:18:54
111,ATJ,02,BATCHSTART,9/25/2023 11:18:54 PM,WFS-54-521,,,32480,32500,8303,JA1-54-521,9/26/2023 3:13:37 AM,2023-09-25 23:18:54,2023-09-26 03:13:37
115,ATJ,02,BATCHSTART,9/26/2023 6:26:21 AM,ATL-62-521,,,10000,10000,12167,JA1-62-521,9/26/2023 7:15:40 AM,2023-09-26 06:26:21,2023-09-26 07:15:40
117,ATJ,02,BATCHSTART,9/26/2023 7:15:40 AM,BPO-62-521,,,29000,29000,12167,JA1-62-521,9/26/2023 9:38:41 AM,2023-09-26 07:15:40,2023-09-26 09:38:41
119,ATJ,02,BATCHSTART,9/26/2023 9:38:41 AM,CIT-62-521,,,30000,30000,12167,JA1-62-521,9/26/2023 12:06:37 PM,2023-09-26 09:38:41,2023-09-26 12:06:37
121,ATJ,02,BATCHSTART,9/26/2023 12:06:37 PM,CNL-62-521,,,10000,10000,12167,JA1-62-521,9/26/2023 12:55:56 PM,2023-09-26 12:06:37,2023-09-26 12:55:56
123,ATJ,02,BATCHSTART,9/26/2023 12:55:56 PM,DKS-62-521,,,23500,23500,12167,JA1-62-521,9/26/2023 2:51:49 PM,2023-09-26 12:55:56,2023-09-26 14:51:49
125,ATJ,02,BATCHSTART,9/26/2023 2:51:49 PM,EVA-62-52B,,,37500,37500,12167,JA1-62-521,9/26/2023 5:56:45 PM,2023-09-26 14:51:49,2023-09-26 17:56:45
127,ATJ,02,BATCHSTART,9/26/2023 5:56:45 PM,FHR-62-521,,,25000,25000,12167,JA1-62-521,9/26/2023 8:00:02 PM,2023-09-26 17:56:45,2023-09-26 20:00:02
129,ATJ,02,BATCHSTART,9/26/2023 8:00:02 PM,GPC-62-521,,,15000,15000,12167,JA1-62-521,9/26/2023 9:14:00 PM,2023-09-26 20:00:02,2023-09-26 21:14:00
131,ATJ,02,BATCHSTART,9/26/2023 9:14:00 PM,GUT-62-521,,,5000,5000,12167,JA1-62-521,9/26/2023 9:38:40 PM,2023-09-26 21:14:00,2023-09-26 21:38:40
133,ATJ,02,BATCHSTART,9/26/2023 9:38:40 PM,HOM-62-521,,,40000,40000,12167,JA1-62-521,9/27/2023 12:55:55 AM,2023-09-26 21:38:40,2023-09-27 00:55:55
135,ATJ,02,BATCHSTART,9/27/2023 12:55:55 AM,JWE-62-521,,,10000,10000,12167,JA1-62-521,9/27/2023 1:45:14 AM,2023-09-27 00:55:55,2023-09-27 01:45:14
137,ATJ,02,BATCHSTART,9/27/2023 1:45:14 AM,MAC-62-521,,,129000,129000,12167,JA1-62-521,9/27/2023 12:21:23 PM,2023-09-27 01:45:14,2023-09-27 12:21:23
139,ATJ,02,BATCHSTART,9/27/2023 12:21:23 PM,MFD-62-521,,,5000,5000,12167,JA1-62-521,9/27/2023 12:46:02 PM,2023-09-27 12:21:23,2023-09-27 12:46:02
141,ATJ,02,BATCHSTART,9/27/2023 12:46:02 PM,MGC-62-521,,,5000,5000,12167,JA1-62-521,9/27/2023 1:10:41 PM,2023-09-27 12:46:02,2023-09-27 13:10:41
143,ATJ,02,BATCHSTART,9/27/2023 1:10:41 PM,MOB-62-521,,,12500,12500,12167,JA1-62-521,9/27/2023 2:12:20 PM,2023-09-27 13:10:41,2023-09-27 14:12:20
145,ATJ,02,BATCHSTART,9/27/2023 2:12:20 PM,MTV-62-521,,,75000,75000,12167,JA1-62-521,9/27/2023 8:22:11 PM,2023-09-27 14:12:20,2023-09-27 20:22:11
147,ATJ,02,BATCHSTART,9/27/2023 8:22:11 PM,MUC-62-522,,,27000,27000,12167,JA1-62-521,9/27/2023 10:35:20 PM,2023-09-27 20:22:11,2023-09-27 22:35:20
149,ATJ,02,BATCHSTART,9/27/2023 10:35:20 PM,MUS-62-52A,,,35000,35000,12167,JA1-62-521,9/28/2023 1:27:56 AM,2023-09-27 22:35:20,2023-09-28 01:27:56
151,ATJ,02,BATCHSTART,9/28/2023 1:27:56 AM,MXE-62-522,,,2500,2500,12167,JA1-62-521,9/28/2023 1:40:15 AM,2023-09-28 01:27:56,2023-09-28 01:40:15
153,ATJ,02,BATCHSTART,9/28/2023 1:40:15 AM,MXE-62-521,,,21000,21000,12167,JA1-62-521,9/28/2023 3:23:49 AM,2023-09-28 01:40:15,2023-09-28 03:23:49
155,ATJ,02,BATCHSTART,9/28/2023 3:23:49 AM,PHI-62-521,,,44500,44500,12167,JA1-62-521,9/28/2023 7:03:16 AM,2023-09-28 03:23:49,2023-09-28 07:03:16
157,ATJ,02,BATCHSTART,9/28/2023 7:03:16 AM,PTC-62-521,,,12500,12500,12167,JA1-62-521,9/28/2023 8:04:54 AM,2023-09-28 07:03:16,2023-09-28 08:04:54
159,ATJ,02,BATCHSTART,9/28/2023 8:04:54 AM,QTC-62-521,,,40000,40000,12167,JA1-62-521,9/28/2023 11:22:10 AM,2023-09-28 08:04:54,2023-09-28 11:22:10
161,ATJ,02,BATCHSTART,9/28/2023 11:22:10 AM,RKO-62-521,,,30000,30000,12167,JA1-62-521,9/28/2023 1:50:06 PM,2023-09-28 11:22:10,2023-09-28 13:50:06
163,ATJ,02,BATCHSTART,9/28/2023 1:50:06 PM,SBP-62-521,,,15000,15000,12167,JA1-62-521,9/28/2023 3:04:04 PM,2023-09-28 13:50:06,2023-09-28 15:04:04
165,ATJ,02,BATCHSTART,9/28/2023 3:04:04 PM,SBS-62-521,,,25000,25000,12167,JA1-62-521,9/28/2023 5:07:21 PM,2023-09-28 15:04:04,2023-09-28 17:07:21
167,ATJ,02,BATCHSTART,9/28/2023 5:07:21 PM,SUN-62-521,,,22000,22000,12167,JA1-62-521,9/28/2023 6:55:51 PM,2023-09-28 17:07:21,2023-09-28 18:55:51
169,ATJ,02,BATCHSTART,9/28/2023 6:55:51 PM,SVE-62-521,,,10000,10000,12167,JA1-62-521,9/28/2023 7:45:10 PM,2023-09-28 18:55:51,2023-09-28 19:45:10
171,ATJ,02,BATCHSTART,9/28/2023 7:45:10 PM,TAR-62-521,,,181500,181500,12167,JA1-62-521,9/29/2023 10:40:12 AM,2023-09-28 19:45:10,2023-09-29 10:40:12
173,ATJ,02,BATCHSTART,9/29/2023 10:40:12 AM,UET-62-521,,,5000,5000,12167,JA1-62-521,9/29/2023 11:04:52 AM,2023-09-29 10:40:12,2023-09-29 11:04:52
175,ATJ,02,BATCHSTART,9/29/2023 11:04:52 AM,VAL-62-52D,,,53000,53000,12167,JA1-62-521,9/29/2023 3:26:13 PM,2023-09-29 11:04:52,2023-09-29 15:26:13
177,ATJ,02,BATCHSTART,9/29/2023 3:26:13 PM,VTL-62-521,,,20000,20000,12167,JA1-62-521,9/29/2023 5:04:51 PM,2023-09-29 15:26:13,2023-09-29 17:04:51
179,ATJ,02,BATCHSTART,9/29/2023 5:04:51 PM,WAC-62-522,,,5000,5000,12167,JA1-62-521,9/29/2023 5:29:30 PM,2023-09-29 17:04:51,2023-09-29 17:29:30
181,ATJ,02,BATCHSTART,9/29/2023 5:29:30 PM,WFS-62-52P,,,2500,2500,12167,JA1-62-521,9/29/2023 5:41:50 PM,2023-09-29 17:29:30,2023-09-29 17:41:50
183,ATJ,02,BATCHSTART,9/29/2023 5:41:50 PM,WFS-62-521,,,5000,5000,12167,JA1-62-521,9/29/2023 6:06:30 PM,2023-09-29 17:41:50,2023-09-29 18:06:30
185,ATJ,02,BATCHSTART,9/29/2023 6:06:30 PM,PCA-62-520,,,12000,12000,12167,JA1-62-521,9/29/2023 7:05:40 PM,2023-09-29 18:06:30,2023-09-29 19:05:40
187,ATJ,02,BATCHSTART,9/29/2023 7:05:40 PM,CHV-62-521,,,10000,10000,12167,JA1-62-521,9/29/2023 7:54:59 PM,2023-09-29 19:05:40,2023-09-29 19:54:59
189,ATJ,02,BATCHSTART,9/29/2023 7:54:59 PM,CUM-62-521,,,5000,5000,12167,JA1-62-521,9/29/2023 8:19:38 PM,2023-09-29 19:54:59,2023-09-29 20:19:38
191,ATJ,02,BATCHSTART,9/29/2023 8:19:38 PM,USO-62-521,,,10000,10000,12167,JA1-62-521,9/29/2023 9:08:57 PM,2023-09-29 20:19:38,2023-09-29 21:08:57
193,ATJ,02,BATCHSTART,9/29/2023 9:08:57 PM,CYG-62-521,,,14965,15000,12167,JA1-62-521,9/29/2023 10:22:45 PM,2023-09-29 21:08:57,2023-09-29 22:22:45
197,ATJ,13,BATCHSTART,9/25/2023 7:58:28 AM,EPV-54-521,,,5000,5000,1925,JA1-54-521,9/25/2023 10:34:19 AM,2023-09-25 07:58:28,2023-09-25 10:34:19
199,ATJ,13,BATCHSTART,9/25/2023 10:34:19 AM,WFS-54-521,,,5000,5000,1925,JA1-54-521,9/25/2023 1:10:10 PM,2023-09-25 10:34:19,2023-09-25 13:10:10
203,ATJ,13,BATCHSTART,9/25/2023 1:10:10 PM,FGX-96-52B,,,3500,3500,1925,JA1-96-521,9/25/2023 2:59:15 PM,2023-09-25 13:10:10,2023-09-25 14:59:15
207,ATJ,13,BATCHSTART,9/28/2023 12:59:00 AM,BPO-62-521,,,3500,3500,1925,JA1-62-521,9/28/2023 2:48:05 AM,2023-09-28 00:59:00,2023-09-28 02:48:05
209,ATJ,13,BATCHSTART,9/28/2023 2:48:05 AM,CIT-62-521,,,11000,11000,1925,JA1-62-521,9/28/2023 8:30:56 AM,2023-09-28 02:48:05,2023-09-28 08:30:56
211,ATJ,13,BATCHSTART,9/28/2023 8:30:56 AM,CNL-62-521,,,2500,2500,1925,JA1-62-521,9/28/2023 9:48:52 AM,2023-09-28 08:30:56,2023-09-28 09:48:52
213,ATJ,13,BATCHSTART,9/28/2023 9:48:52 AM,FHR-62-521,,,2500,2500,1925,JA1-62-521,9/28/2023 11:06:47 AM,2023-09-28 09:48:52,2023-09-28 11:06:47
215,ATJ,13,BATCHSTART,9/28/2023 11:06:47 AM,MTV-62-521,,,27500,27500,1925,JA1-62-521,9/29/2023 1:23:56 AM,2023-09-28 11:06:47,2023-09-29 01:23:56
217,ATJ,13,BATCHSTART,9/29/2023 1:23:56 AM,MUC-62-522,,,3500,3500,1925,JA1-62-521,9/29/2023 3:13:01 AM,2023-09-29 01:23:56,2023-09-29 03:13:01
219,ATJ,13,BATCHSTART,9/29/2023 3:13:01 AM,MXE-62-521,,,2500,2500,1925,JA1-62-521,9/29/2023 4:30:56 AM,2023-09-29 03:13:01,2023-09-29 04:30:56
221,ATJ,13,BATCHSTART,9/29/2023 4:30:56 AM,PHI-62-521,,,2500,2500,1925,JA1-62-521,9/29/2023 5:48:52 AM,2023-09-29 04:30:56,2023-09-29 05:48:52
223,ATJ,13,BATCHSTART,9/29/2023 5:48:52 AM,PTC-62-521,,,2500,2500,1925,JA1-62-521,9/29/2023 7:06:47 AM,2023-09-29 05:48:52,2023-09-29 07:06:47
225,ATJ,13,BATCHSTART,9/29/2023 7:06:47 AM,QTC-62-521,,,12500,12500,1925,JA1-62-521,9/29/2023 1:36:24 PM,2023-09-29 07:06:47,2023-09-29 13:36:24
227,ATJ,13,BATCHSTART,9/29/2023 1:36:24 PM,TAR-62-521,,,5000,5000,1925,JA1-62-521,9/29/2023 4:12:14 PM,2023-09-29 13:36:24,2023-09-29 16:12:14
229,ATJ,13,BATCHSTART,9/29/2023 4:12:14 PM,VAL-62-52D,,,8000,8000,1925,JA1-62-521,9/29/2023 8:21:35 PM,2023-09-29 16:12:14,2023-09-29 20:21:35
231,ATJ,13,BATCHSTART,9/29/2023 8:21:35 PM,MXE-62-522,,,2500,2500,1925,JA1-62-521,9/29/2023 9:39:31 PM,2023-09-29 20:21:35,2023-09-29 21:39:31
233,ATJ,13,BATCHSTART,9/29/2023 9:39:31 PM,CHV-62-521,,,10000,10000,1925,JA1-62-521,9/30/2023 2:51:12 AM,2023-09-29 21:39:31,2023-09-30 02:51:12
237,ATJ,14,BATCHSTART,9/22/2023 5:28:34 AM,BPO-A3-521,,,20000,20000,2100,JA1-A3-521,9/22/2023 3:00:00 PM,2023-09-22 05:28:34,2023-09-22 15:00:00
239,ATJ,14,BATCHSTART,9/22/2023 3:00:00 PM,BZA-A3-521,,,12500,12500,2100,JA1-A3-521,9/22/2023 8:57:08 PM,2023-09-22 15:00:00,2023-09-22 20:57:08
241,ATJ,14,BATCHSTART,9/22/2023 8:57:08 PM,CWH-A3-521,,,5000,5000,2100,JA1-A3-521,9/22/2023 11:20:00 PM,2023-09-22 20:57:08,2023-09-22 23:20:00
243,ATJ,14,BATCHSTART,9/22/2023 11:20:00 PM,MOB-A3-521,,,20000,20000,2100,JA1-A3-521,9/23/2023 8:51:25 AM,2023-09-22 23:20:00,2023-09-23 08:51:25
245,ATJ,14,BATCHSTART,9/23/2023 8:51:25 AM,MTV-A3-521,,,12500,12500,2100,JA1-A3-521,9/23/2023 2:48:34 PM,2023-09-23 08:51:25,2023-09-23 14:48:34
247,ATJ,14,BATCHSTART,9/23/2023 2:48:34 PM,MUC-A3-522,,,5000,5000,2100,JA1-A3-521,9/23/2023 5:11:25 PM,2023-09-23 14:48:34,2023-09-23 17:11:25
249,ATJ,14,BATCHSTART,9/23/2023 5:11:25 PM,MXE-A3-523,,,10000,10000,2100,JA1-A3-521,9/23/2023 9:57:08 PM,2023-09-23 17:11:25,2023-09-23 21:57:08
251,ATJ,14,BATCHSTART,9/23/2023 9:57:08 PM,QTC-A3-521,,,40000,40000,2100,JA1-A3-521,9/24/2023 5:00:00 PM,2023-09-23 21:57:08,2023-09-24 17:00:00
253,ATJ,14,BATCHSTART,9/24/2023 5:00:00 PM,SUN-A3-521,,,3000,3000,2100,JA1-A3-521,9/24/2023 6:25:42 PM,2023-09-24 17:00:00,2023-09-24 18:25:42
255,ATJ,14,BATCHSTART,9/24/2023 6:25:42 PM,TRA-A3-521,,,5000,5000,2100,JA1-A3-521,9/24/2023 8:48:34 PM,2023-09-24 18:25:42,2023-09-24 20:48:34
257,ATJ,14,BATCHSTART,9/24/2023 8:48:34 PM,VAL-A3-52E,,,6000,6000,2100,JA1-A3-521,9/24/2023 11:40:00 PM,2023-09-24 20:48:34,2023-09-24 23:40:00
261,ATJ,14,BATCHSTART,9/24/2023 11:40:00 PM,MOB-D3-521,,,2500,2500,2100,JA1-D3-521,9/25/2023 12:51:25 AM,2023-09-24 23:40:00,2023-09-25 00:51:25
263,ATJ,14,BATCHSTART,9/25/2023 12:51:25 AM,MTV-D3-521,,,2500,2500,2100,JA1-D3-521,9/25/2023 2:02:51 AM,2023-09-25 00:51:25,2023-09-25 02:02:51
265,ATJ,14,BATCHSTART,9/25/2023 2:02:51 AM,MXE-D3-521,,,7500,7500,2100,JA1-D3-521,9/25/2023 5:37:08 AM,2023-09-25 02:02:51,2023-09-25 05:37:08
267,ATJ,14,BATCHSTART,9/25/2023 5:37:08 AM,BPO-D3-521,,,8000,8000,2100,JA1-D3-521,9/25/2023 9:25:42 AM,2023-09-25 05:37:08,2023-09-25 09:25:42
269,ATJ,14,BATCHSTART,9/25/2023 9:25:42 AM,VAL-D3-52D,,,2500,2500,2100,JA1-D3-521,9/25/2023 10:37:08 AM,2023-09-25 09:25:42,2023-09-25 10:37:08
273,ATJ,14,BATCHSTART,9/25/2023 10:37:08 AM,BPO-62-521,,,7000,7000,2100,JA1-62-521,9/25/2023 1:57:08 PM,2023-09-25 10:37:08,2023-09-25 13:57:08
275,ATJ,14,BATCHSTART,9/25/2023 1:57:08 PM,CNL-62-521,,,2500,2500,2100,JA1-62-521,9/25/2023 3:08:34 PM,2023-09-25 13:57:08,2023-09-25 15:08:34
277,ATJ,14,BATCHSTART,9/25/2023 3:08:34 PM,HOM-62-521,,,13000,13000,2100,JA1-62-521,9/25/2023 9:20:00 PM,2023-09-25 15:08:34,2023-09-25 21:20:00
279,ATJ,14,BATCHSTART,9/25/2023 9:20:00 PM,MOB-62-521,,,2500,2500,2100,JA1-62-521,9/25/2023 10:31:25 PM,2023-09-25 21:20:00,2023-09-25 22:31:25
281,ATJ,14,BATCHSTART,9/25/2023 10:31:25 PM,MTV-62-521,,,4500,4500,2100,JA1-62-521,9/26/2023 12:40:00 AM,2023-09-25 22:31:25,2023-09-26 00:40:00
283,ATJ,14,BATCHSTART,9/26/2023 12:40:00 AM,MXE-62-521,,,2500,2500,2100,JA1-62-521,9/26/2023 1:51:25 AM,2023-09-26 00:40:00,2023-09-26 01:51:25
285,ATJ,14,BATCHSTART,9/26/2023 1:51:25 AM,QTC-62-521,,,7500,7500,2100,JA1-62-521,9/26/2023 5:25:42 AM,2023-09-26 01:51:25,2023-09-26 05:25:42
287,ATJ,14,BATCHSTART,9/26/2023 5:25:42 AM,VAL-62-52D,,,14500,14500,2100,JA1-62-521,9/26/2023 12:20:00 PM,2023-09-26 05:25:42,2023-09-26 12:20:00
291,ATJ,15,BATCHSTART,9/23/2023 12:33:00 AM,BPO-A3-521,,,59000,59000,3700,JA1-A3-521,9/23/2023 4:29:45 PM,2023-09-23 00:33:00,2023-09-23 16:29:45
293,ATJ,15,BATCHSTART,9/23/2023 4:29:45 PM,CIT-A3-521,,,9000,9000,3700,JA1-A3-521,9/23/2023 6:55:42 PM,2023-09-23 16:29:45,2023-09-23 18:55:42
295,ATJ,15,BATCHSTART,9/23/2023 6:55:42 PM,HOM-A3-521,,,2500,2500,3700,JA1-A3-521,9/23/2023 7:36:14 PM,2023-09-23 18:55:42,2023-09-23 19:36:14
297,ATJ,15,BATCHSTART,9/23/2023 7:36:14 PM,MOB-A3-521,,,2500,2500,3700,JA1-A3-521,9/23/2023 8:16:47 PM,2023-09-23 19:36:14,2023-09-23 20:16:47
299,ATJ,15,BATCHSTART,9/23/2023 8:16:47 PM,MTV-A3-521,,,95000,95000,3700,JA1-A3-521,9/24/2023 9:57:19 PM,2023-09-23 20:16:47,2023-09-24 21:57:19
301,ATJ,15,BATCHSTART,9/24/2023 9:57:19 PM,MUC-A3-522,,,11000,11000,3700,JA1-A3-521,9/25/2023 12:55:42 AM,2023-09-24 21:57:19,2023-09-25 00:55:42
303,ATJ,15,BATCHSTART,9/25/2023 12:55:42 AM,MXE-A3-523,,,10000,10000,3700,JA1-A3-521,9/25/2023 3:37:51 AM,2023-09-25 00:55:42,2023-09-25 03:37:51
305,ATJ,15,BATCHSTART,9/25/2023 3:37:51 AM,PHI-A3-521,,,10000,10000,3700,JA1-A3-521,9/25/2023 6:20:01 AM,2023-09-25 03:37:51,2023-09-25 06:20:01
307,ATJ,15,BATCHSTART,9/25/2023 6:20:01 AM,SUN-A3-521,,,2500,2500,3700,JA1-A3-521,9/25/2023 7:00:34 AM,2023-09-25 06:20:01,2023-09-25 07:00:34
309,ATJ,15,BATCHSTART,9/25/2023 7:00:34 AM,QTC-A3-521,,,145000,145000,3700,JA1-A3-521,9/26/2023 10:11:55 PM,2023-09-25 07:00:34,2023-09-26 22:11:55
311,ATJ,15,BATCHSTART,9/26/2023 10:11:55 PM,VAL-A3-52E,,,15500,15500,3700,JA1-A3-521,9/27/2023 2:23:16 AM,2023-09-26 22:11:55,2023-09-27 02:23:16
313,ATJ,15,BATCHSTART,9/27/2023 2:23:16 AM,CIT-A3-522,,,25000,25000,3700,JA1-A3-521,9/27/2023 9:08:40 AM,2023-09-27 02:23:16,2023-09-27 09:08:40
315,ATJ,15,BATCHSTART,9/27/2023 9:08:40 AM,DKS-A3-521,,,14000,14000,3700,JA1-A3-521,9/27/2023 12:55:42 PM,2023-09-27 09:08:40,2023-09-27 12:55:42
319,ATJ,15,BATCHSTART,9/27/2023 12:55:42 PM,CIT-D3-521,,,6500,6500,3700,JA1-D3-521,9/27/2023 2:41:06 PM,2023-09-27 12:55:42,2023-09-27 14:41:06
321,ATJ,15,BATCHSTART,9/27/2023 2:41:06 PM,MTV-D3-521,,,14000,14000,3700,JA1-D3-521,9/27/2023 6:28:08 PM,2023-09-27 14:41:06,2023-09-27 18:28:08
323,ATJ,15,BATCHSTART,9/27/2023 6:28:08 PM,MXE-D3-521,,,5000,5000,3700,JA1-D3-521,9/27/2023 7:49:12 PM,2023-09-27 18:28:08,2023-09-27 19:49:12
325,ATJ,15,BATCHSTART,9/27/2023 7:49:12 PM,BPO-D3-521,,,8000,8000,3700,JA1-D3-521,9/27/2023 9:58:56 PM,2023-09-27 19:49:12,2023-09-27 21:58:56
327,ATJ,15,BATCHSTART,9/27/2023 9:58:56 PM,VAL-D3-52D,,,5000,5000,3700,JA1-D3-521,9/27/2023 11:20:01 PM,2023-09-27 21:58:56,2023-09-27 23:20:01
331,ATJ,16,BATCHSTART,9/25/2023 12:08:46 AM,AAL-54-521,,,5000,5000,2050,JA1-54-521,9/25/2023 2:35:07 AM,2023-09-25 00:08:46,2023-09-25 02:35:07
333,ATJ,16,BATCHSTART,9/25/2023 2:35:07 AM,EPV-54-521,,,10000,10000,2050,JA1-54-521,9/25/2023 7:27:48 AM,2023-09-25 02:35:07,2023-09-25 07:27:48
335,ATJ,16,BATCHSTART,9/25/2023 7:27:48 AM,ETI-54-521,,,194000,194000,2050,JA1-54-521,9/29/2023 6:05:51 AM,2023-09-25 07:27:48,2023-09-29 06:05:51
337,ATJ,16,BATCHSTART,9/29/2023 6:05:51 AM,SWJ-54-521,,,22500,22500,2050,JA1-54-521,9/29/2023 5:04:23 PM,2023-09-29 06:05:51,2023-09-29 17:04:23
339,ATJ,16,BATCHSTART,9/29/2023 5:04:23 PM,TMS-56-521,,,15000,15000,2050,JA1-54-521,9/30/2023 12:23:24 AM,2023-09-29 17:04:23,2023-09-30 00:23:24
341,ATJ,16,BATCHSTART,9/30/2023 12:23:24 AM,TMS-54-521,,,20000,20000,2050,JA1-54-521,9/30/2023 10:08:46 AM,2023-09-30 00:23:24,2023-09-30 10:08:46
343,ATJ,16,BATCHSTART,9/30/2023 10:08:46 AM,WFS-54-521,,,17500,17500,2050,JA1-54-521,9/30/2023 6:40:58 PM,2023-09-30 10:08:46,2023-09-30 18:40:58
347,ATJ,17,BATCHSTART,9/25/2023 3:36:40 AM,TAR-M3-521,,,10000,10000,4500,JA1-M3-521,9/25/2023 5:50:00 AM,2023-09-25 03:36:40,2023-09-25 05:50:00
351,ATJ,17,BATCHSTART,9/25/2023 5:50:00 AM,BPO-A3-521,,,5500,5500,4500,JA1-A3-521,9/25/2023 7:03:20 AM,2023-09-25 05:50:00,2023-09-25 07:03:20
353,ATJ,17,BATCHSTART,9/25/2023 7:03:20 AM,BZA-A3-521,,,5000,5000,4500,JA1-A3-521,9/25/2023 8:10:00 AM,2023-09-25 07:03:20,2023-09-25 08:10:00
355,ATJ,17,BATCHSTART,9/25/2023 8:10:00 AM,CHV-A3-521,,,8000,8000,4500,JA1-A3-521,9/25/2023 9:56:40 AM,2023-09-25 08:10:00,2023-09-25 09:56:40
357,ATJ,17,BATCHSTART,9/25/2023 9:56:40 AM,CKS-A3-521,,,5000,5000,4500,JA1-A3-521,9/25/2023 11:03:20 AM,2023-09-25 09:56:40,2023-09-25 11:03:20
359,ATJ,17,BATCHSTART,9/25/2023 11:03:20 AM,CNL-A3-521,,,5000,5000,4500,JA1-A3-521,9/25/2023 12:10:00 PM,2023-09-25 11:03:20,2023-09-25 12:10:00
361,ATJ,17,BATCHSTART,9/25/2023 12:10:00 PM,FHR-A3-521,,,5000,5000,4500,JA1-A3-521,9/25/2023 1:16:40 PM,2023-09-25 12:10:00,2023-09-25 13:16:40
363,ATJ,17,BATCHSTART,9/25/2023 1:16:40 PM,GUT-A3-521,,,5000,5000,4500,JA1-A3-521,9/25/2023 2:23:20 PM,2023-09-25 13:16:40,2023-09-25 14:23:20
365,ATJ,17,BATCHSTART,9/25/2023 2:23:20 PM,MAC-A3-521,,,23000,23000,4500,JA1-A3-521,9/25/2023 7:30:00 PM,2023-09-25 14:23:20,2023-09-25 19:30:00
367,ATJ,17,BATCHSTART,9/25/2023 7:30:00 PM,MGC-A3-521,,,5000,5000,4500,JA1-A3-521,9/25/2023 8:36:40 PM,2023-09-25 19:30:00,2023-09-25 20:36:40
369,ATJ,17,BATCHSTART,9/25/2023 8:36:40 PM,MTV-A3-521,,,65000,65000,4500,JA1-A3-521,9/26/2023 11:03:20 AM,2023-09-25 20:36:40,2023-09-26 11:03:20
371,ATJ,17,BATCHSTART,9/26/2023 11:03:20 AM,MUC-A3-522,,,15000,15000,4500,JA1-A3-521,9/26/2023 2:23:20 PM,2023-09-26 11:03:20,2023-09-26 14:23:20
373,ATJ,17,BATCHSTART,9/26/2023 2:23:20 PM,MXE-A3-526,,,7500,7500,4500,JA1-A3-521,9/26/2023 4:03:20 PM,2023-09-26 14:23:20,2023-09-26 16:03:20
375,ATJ,17,BATCHSTART,9/26/2023 4:03:20 PM,PHI-A3-521,,,7500,7500,4500,JA1-A3-521,9/26/2023 5:43:20 PM,2023-09-26 16:03:20,2023-09-26 17:43:20
377,ATJ,17,BATCHSTART,9/26/2023 5:43:20 PM,QTC-A3-521,,,5000,5000,4500,JA1-A3-521,9/26/2023 6:50:00 PM,2023-09-26 17:43:20,2023-09-26 18:50:00
379,ATJ,17,BATCHSTART,9/26/2023 6:50:00 PM,SUN-A3-521,,,5000,5000,4500,JA1-A3-521,9/26/2023 7:56:40 PM,2023-09-26 18:50:00,2023-09-26 19:56:40
381,ATJ,17,BATCHSTART,9/26/2023 7:56:40 PM,TAR-A3-521,,,65000,65000,4500,JA1-A3-521,9/27/2023 10:23:20 AM,2023-09-26 19:56:40,2023-09-27 10:23:20
383,ATJ,17,BATCHSTART,9/27/2023 10:23:20 AM,MXE-A3-521,,,2500,2500,4500,JA1-A3-521,9/27/2023 10:56:40 AM,2023-09-27 10:23:20,2023-09-27 10:56:40
385,ATJ,17,BATCHSTART,9/27/2023 10:56:40 AM,VAL-A3-52E,,,7000,7000,4500,JA1-A3-521,9/27/2023 12:30:00 PM,2023-09-27 10:56:40,2023-09-27 12:30:00
389,ATJ,17,BATCHSTART,9/27/2023 12:30:00 PM,MTV-D3-521,,,6000,6000,4500,JA1-D3-521,9/27/2023 1:50:00 PM,2023-09-27 12:30:00,2023-09-27 13:50:00
391,ATJ,17,BATCHSTART,9/27/2023 1:50:00 PM,PHI-D3-521,,,2500,2500,4500,JA1-D3-521,9/27/2023 2:23:20 PM,2023-09-27 13:50:00,2023-09-27 14:23:20
393,ATJ,17,BATCHSTART,9/27/2023 2:23:20 PM,TAR-D3-521,,,5000,5000,4500,JA1-D3-521,9/27/2023 3:30:00 PM,2023-09-27 14:23:20,2023-09-27 15:30:00
395,ATJ,17,BATCHSTART,9/27/2023 3:30:00 PM,MXE-D3-521,,,2500,2500,4500,JA1-D3-521,9/27/2023 4:03:20 PM,2023-09-27 15:30:00,2023-09-27 16:03:20
397,ATJ,17,BATCHSTART,9/27/2023 4:03:20 PM,VAL-D3-52D,,,2500,2500,4500,JA1-D3-521,9/27/2023 4:36:40 PM,2023-09-27 16:03:20,2023-09-27 16:36:40
399,ATJ,17,BATCHSTART,9/27/2023 4:36:40 PM,MAC-D3-521,,,2500,2500,4500,JA1-D3-521,9/27/2023 5:10:00 PM,2023-09-27 16:36:40,2023-09-27 17:10:00
401,ATJ,17,BATCHSTART,9/27/2023 5:10:00 PM,BPO-D3-521,,,2500,2500,4500,JA1-D3-521,9/27/2023 5:43:20 PM,2023-09-27 17:10:00,2023-09-27 17:43:20
405,ATJ,17,BATCHSTART,9/27/2023 5:43:20 PM,ATL-62-521,,,5000,5000,4500,JA1-62-521,9/27/2023 6:50:00 PM,2023-09-27 17:43:20,2023-09-27 18:50:00
407,ATJ,17,BATCHSTART,9/27/2023 6:50:00 PM,FHR-62-521,,,10000,10000,4500,JA1-62-521,9/27/2023 9:03:20 PM,2023-09-27 18:50:00,2023-09-27 21:03:20
409,ATJ,17,BATCHSTART,9/27/2023 9:03:20 PM,GUT-62-521,,,5000,5000,4500,JA1-62-521,9/27/2023 10:10:00 PM,2023-09-27 21:03:20,2023-09-27 22:10:00
411,ATJ,17,BATCHSTART,9/27/2023 10:10:00 PM,MAC-62-521,,,42500,42500,4500,JA1-62-521,9/28/2023 7:36:40 AM,2023-09-27 22:10:00,2023-09-28 07:36:40
413,ATJ,17,BATCHSTART,9/28/2023 7:36:40 AM,MTV-62-521,,,38000,38000,4500,JA1-62-521,9/28/2023 4:03:20 PM,2023-09-28 07:36:40,2023-09-28 16:03:20
415,ATJ,17,BATCHSTART,9/28/2023 4:03:20 PM,MUC-62-522,,,7500,7500,4500,JA1-62-521,9/28/2023 5:43:20 PM,2023-09-28 16:03:20,2023-09-28 17:43:20
417,ATJ,17,BATCHSTART,9/28/2023 5:43:20 PM,MUS-62-52A,,,5000,5000,4500,JA1-62-521,9/28/2023 6:50:00 PM,2023-09-28 17:43:20,2023-09-28 18:50:00
419,ATJ,17,BATCHSTART,9/28/2023 6:50:00 PM,PHI-62-521,,,15000,15000,4500,JA1-62-521,9/28/2023 10:10:00 PM,2023-09-28 18:50:00,2023-09-28 22:10:00
421,ATJ,17,BATCHSTART,9/28/2023 10:10:00 PM,PTC-62-521,,,4000,4000,4500,JA1-62-521,9/28/2023 11:03:20 PM,2023-09-28 22:10:00,2023-09-28 23:03:20
423,ATJ,17,BATCHSTART,9/28/2023 11:03:20 PM,QTC-62-521,,,5000,5000,4500,JA1-62-521,9/29/2023 12:10:00 AM,2023-09-28 23:03:20,2023-09-29 00:10:00
425,ATJ,17,BATCHSTART,9/29/2023 12:10:00 AM,TAR-62-521,,,100000,100000,4500,JA1-62-521,9/29/2023 10:23:20 PM,2023-09-29 00:10:00,2023-09-29 22:23:20
427,ATJ,17,BATCHSTART,9/29/2023 10:23:20 PM,VAL-62-52D,,,13000,13000,4500,JA1-62-521,9/30/2023 1:16:40 AM,2023-09-29 22:23:20,2023-09-30 01:16:40
429,ATJ,17,BATCHSTART,9/30/2023 1:16:40 AM,VTL-62-521,,,5000,5000,4500,JA1-62-521,9/30/2023 2:23:20 AM,2023-09-30 01:16:40,2023-09-30 02:23:20
431,ATJ,17,BATCHSTART,9/30/2023 2:23:20 AM,WFS-62-521,,,5000,5000,4500,JA1-62-521,9/30/2023 3:30:00 AM,2023-09-30 02:23:20,2023-09-30 03:30:00
433,ATJ,17,BATCHSTART,9/30/2023 3:30:00 AM,BPO-62-521,,,5500,5500,4500,JA1-62-521,9/30/2023 4:43:20 AM,2023-09-30 03:30:00,2023-09-30 04:43:20
435,ATJ,17,BATCHSTART,9/30/2023 4:43:20 AM,USO-62-521,,,5000,5000,4500,JA1-62-521,9/30/2023 5:50:00 AM,2023-09-30 04:43:20,2023-09-30 05:50:00
439,ATJ,18,BATCHSTART,9/24/2023 4:22:00 AM,BPO-A3-521,,,45500,45500,6000,JA1-A3-521,9/24/2023 11:57:00 AM,2023-09-24 04:22:00,2023-09-24 11:57:00
441,ATJ,18,BATCHSTART,9/24/2023 11:57:00 AM,BZA-A3-521,,,5000,5000,6000,JA1-A3-521,9/24/2023 12:47:00 PM,2023-09-24 11:57:00,2023-09-24 12:47:00
443,ATJ,18,BATCHSTART,9/24/2023 12:47:00 PM,CHV-A3-521,,,3000,3000,6000,JA1-A3-521,9/24/2023 1:17:00 PM,2023-09-24 12:47:00,2023-09-24 13:17:00
445,ATJ,18,BATCHSTART,9/24/2023 1:17:00 PM,CIT-A3-521,,,17500,17500,6000,JA1-A3-521,9/24/2023 4:12:00 PM,2023-09-24 13:17:00,2023-09-24 16:12:00
447,ATJ,18,BATCHSTART,9/24/2023 4:12:00 PM,CNL-A3-521,,,2500,2500,6000,JA1-A3-521,9/24/2023 4:37:00 PM,2023-09-24 16:12:00,2023-09-24 16:37:00
449,ATJ,18,BATCHSTART,9/24/2023 4:37:00 PM,DKS-A3-521,,,17500,17500,6000,JA1-A3-521,9/24/2023 7:32:00 PM,2023-09-24 16:37:00,2023-09-24 19:32:00
451,ATJ,18,BATCHSTART,9/24/2023 7:32:00 PM,FHR-A3-521,,,5000,5000,6000,JA1-A3-521,9/24/2023 8:22:00 PM,2023-09-24 19:32:00,2023-09-24 20:22:00
453,ATJ,18,BATCHSTART,9/24/2023 8:22:00 PM,GUT-A3-521,,,2500,2500,6000,JA1-A3-521,9/24/2023 8:47:00 PM,2023-09-24 20:22:00,2023-09-24 20:47:00
455,ATJ,18,BATCHSTART,9/24/2023 8:47:00 PM,HOM-A3-521,,,23000,23000,6000,JA1-A3-521,9/25/2023 12:37:00 AM,2023-09-24 20:47:00,2023-09-25 00:37:00
457,ATJ,18,BATCHSTART,9/25/2023 12:37:00 AM,MAC-A3-521,,,12500,12500,6000,JA1-A3-521,9/25/2023 2:42:00 AM,2023-09-25 00:37:00,2023-09-25 02:42:00
459,ATJ,18,BATCHSTART,9/25/2023 2:42:00 AM,MGC-A3-521,,,10000,10000,6000,JA1-A3-521,9/25/2023 4:22:00 AM,2023-09-25 02:42:00,2023-09-25 04:22:00
461,ATJ,18,BATCHSTART,9/25/2023 4:22:00 AM,MTV-A3-521,,,3500,3500,6000,JA1-A3-521,9/25/2023 4:57:00 AM,2023-09-25 04:22:00,2023-09-25 04:57:00
463,ATJ,18,BATCHSTART,9/25/2023 4:57:00 AM,MUC-A3-522,,,46500,46500,6000,JA1-A3-521,9/25/2023 12:42:00 PM,2023-09-25 04:57:00,2023-09-25 12:42:00
465,ATJ,18,BATCHSTART,9/25/2023 12:42:00 PM,MXE-A3-521,,,5000,5000,6000,JA1-A3-521,9/25/2023 1:32:00 PM,2023-09-25 12:42:00,2023-09-25 13:32:00
467,ATJ,18,BATCHSTART,9/25/2023 1:32:00 PM,PBF-A3-521,,,15000,15000,6000,JA1-A3-521,9/25/2023 4:02:00 PM,2023-09-25 13:32:00,2023-09-25 16:02:00
469,ATJ,18,BATCHSTART,9/25/2023 4:02:00 PM,PHI-A3-521,,,13000,13000,6000,JA1-A3-521,9/25/2023 6:12:00 PM,2023-09-25 16:02:00,2023-09-25 18:12:00
471,ATJ,18,BATCHSTART,9/25/2023 6:12:00 PM,RKO-A3-521,,,35000,35000,6000,JA1-A3-521,9/26/2023 12:02:00 AM,2023-09-25 18:12:00,2023-09-26 00:02:00
473,ATJ,18,BATCHSTART,9/26/2023 12:02:00 AM,SUN-A3-521,,,10000,10000,6000,JA1-A3-521,9/26/2023 1:42:00 AM,2023-09-26 00:02:00,2023-09-26 01:42:00
475,ATJ,18,BATCHSTART,9/26/2023 1:42:00 AM,TAR-A3-521,,,15000,15000,6000,JA1-A3-521,9/26/2023 4:12:00 AM,2023-09-26 01:42:00,2023-09-26 04:12:00
477,ATJ,18,BATCHSTART,9/26/2023 4:12:00 AM,TOP-A3-521,,,18500,18500,6000,JA1-A3-521,9/26/2023 7:17:00 AM,2023-09-26 04:12:00,2023-09-26 07:17:00
479,ATJ,18,BATCHSTART,9/26/2023 7:17:00 AM,TRA-A3-521,,,5000,5000,6000,JA1-A3-521,9/26/2023 8:07:00 AM,2023-09-26 07:17:00,2023-09-26 08:07:00
481,ATJ,18,BATCHSTART,9/26/2023 8:07:00 AM,VAL-A3-52E,,,37500,37500,6000,JA1-A3-521,9/26/2023 2:22:00 PM,2023-09-26 08:07:00,2023-09-26 14:22:00
483,ATJ,18,BATCHSTART,9/26/2023 2:22:00 PM,MOB-A3-521,,,9000,9000,6000,JA1-A3-521,9/26/2023 3:52:00 PM,2023-09-26 14:22:00,2023-09-26 15:52:00
485,ATJ,18,BATCHSTART,9/26/2023 3:52:00 PM,SHT-A3-52B,,,49000,49000,6000,JA1-A3-521,9/27/2023 12:02:00 AM,2023-09-26 15:52:00,2023-09-27 00:02:00
489,ATJ,18,BATCHSTART,9/27/2023 12:02:00 AM,MAC-D3-521,,,2500,2500,6000,JA1-D3-521,9/27/2023 12:27:00 AM,2023-09-27 00:02:00,2023-09-27 00:27:00
491,ATJ,18,BATCHSTART,9/27/2023 12:27:00 AM,MTV-D3-521,,,2500,2500,6000,JA1-D3-521,9/27/2023 12:52:00 AM,2023-09-27 00:27:00,2023-09-27 00:52:00
493,ATJ,18,BATCHSTART,9/27/2023 12:52:00 AM,PHI-D3-521,,,7500,7500,6000,JA1-D3-521,9/27/2023 2:07:00 AM,2023-09-27 00:52:00,2023-09-27 02:07:00
495,ATJ,18,BATCHSTART,9/27/2023 2:07:00 AM,BPO-D3-521,,,6000,6000,6000,JA1-D3-521,9/27/2023 3:07:00 AM,2023-09-27 02:07:00,2023-09-27 03:07:00
497,ATJ,18,BATCHSTART,9/27/2023 3:07:00 AM,MXE-D3-521,,,2500,2500,6000,JA1-D3-521,9/27/2023 3:32:00 AM,2023-09-27 03:07:00,2023-09-27 03:32:00
499,ATJ,18,BATCHSTART,9/27/2023 3:32:00 AM,VAL-D3-52D,,,5000,5000,6000,JA1-D3-521,9/27/2023 4:22:00 AM,2023-09-27 03:32:00,2023-09-27 04:22:00
501,ATJ,18,BATCHSTART,9/27/2023 4:22:00 AM,MOB-D3-521,,,2500,2500,6000,JA1-D3-521,9/27/2023 4:47:00 AM,2023-09-27 04:22:00,2023-09-27 04:47:00
505,ATJ,18,BATCHSTART,9/27/2023 4:47:00 AM,PBF-A3-521,,,15000,15000,6000,JA2-A3-522,9/27/2023 7:17:00 AM,2023-09-27 04:47:00,2023-09-27 07:17:00
509,ATJ,18,BATCHSTART,9/27/2023 7:17:00 AM,PHI-54-521,,,8000,8000,6000,JA1-54-521,9/27/2023 8:37:00 AM,2023-09-27 07:17:00,2023-09-27 08:37:00
513,ATJ,18,BATCHSTART,9/27/2023 8:37:00 AM,BPO-62-521,,,5500,5500,6000,JA1-62-521,9/27/2023 9:32:00 AM,2023-09-27 08:37:00,2023-09-27 09:32:00
515,ATJ,18,BATCHSTART,9/27/2023 9:32:00 AM,CIT-62-521,,,14000,14000,6000,JA1-62-521,9/27/2023 11:52:00 AM,2023-09-27 09:32:00,2023-09-27 11:52:00
517,ATJ,18,BATCHSTART,9/27/2023 11:52:00 AM,CNL-62-521,,,5000,5000,6000,JA1-62-521,9/27/2023 12:42:00 PM,2023-09-27 11:52:00,2023-09-27 12:42:00
519,ATJ,18,BATCHSTART,9/27/2023 12:42:00 PM,EVA-62-52B,,,17500,17500,6000,JA1-62-521,9/27/2023 3:37:00 PM,2023-09-27 12:42:00,2023-09-27 15:37:00
521,ATJ,18,BATCHSTART,9/27/2023 3:37:00 PM,FHR-62-521,,,7500,7500,6000,JA1-62-521,9/27/2023 4:52:00 PM,2023-09-27 15:37:00,2023-09-27 16:52:00
523,ATJ,18,BATCHSTART,9/27/2023 4:52:00 PM,HOM-62-521,,,27000,27000,6000,JA1-62-521,9/27/2023 9:22:00 PM,2023-09-27 16:52:00,2023-09-27 21:22:00
525,ATJ,18,BATCHSTART,9/27/2023 9:22:00 PM,MAC-62-521,,,39000,39000,6000,JA1-62-521,9/28/2023 3:52:00 AM,2023-09-27 21:22:00,2023-09-28 03:52:00
527,ATJ,18,BATCHSTART,9/28/2023 3:52:00 AM,MTV-62-521,,,5000,5000,6000,JA1-62-521,9/28/2023 4:42:00 AM,2023-09-28 03:52:00,2023-09-28 04:42:00
529,ATJ,18,BATCHSTART,9/28/2023 4:42:00 AM,MUC-62-522,,,9000,9000,6000,JA1-62-521,9/28/2023 6:12:00 AM,2023-09-28 04:42:00,2023-09-28 06:12:00
531,ATJ,18,BATCHSTART,9/28/2023 6:12:00 AM,MUS-62-52A,,,15000,15000,6000,JA1-62-521,9/28/2023 8:42:00 AM,2023-09-28 06:12:00,2023-09-28 08:42:00
533,ATJ,18,BATCHSTART,9/28/2023 8:42:00 AM,MXE-62-521,,,3500,3500,6000,JA1-62-521,9/28/2023 9:17:00 AM,2023-09-28 08:42:00,2023-09-28 09:17:00
535,ATJ,18,BATCHSTART,9/28/2023 9:17:00 AM,PHI-62-521,,,9500,9500,6000,JA1-62-521,9/28/2023 10:52:00 AM,2023-09-28 09:17:00,2023-09-28 10:52:00
537,ATJ,18,BATCHSTART,9/28/2023 10:52:00 AM,QTC-62-521,,,10000,10000,6000,JA1-62-521,9/28/2023 12:32:00 PM,2023-09-28 10:52:00,2023-09-28 12:32:00
539,ATJ,18,BATCHSTART,9/28/2023 12:32:00 PM,RKO-62-521,,,25000,25000,6000,JA1-62-521,9/28/2023 4:42:00 PM,2023-09-28 12:32:00,2023-09-28 16:42:00
541,ATJ,18,BATCHSTART,9/28/2023 4:42:00 PM,SUN-62-521,,,17000,17000,6000,JA1-62-521,9/28/2023 7:32:00 PM,2023-09-28 16:42:00,2023-09-28 19:32:00
543,ATJ,18,BATCHSTART,9/28/2023 7:32:00 PM,TAR-62-521,,,46500,46500,6000,JA1-62-521,9/29/2023 3:17:00 AM,2023-09-28 19:32:00,2023-09-29 03:17:00
545,ATJ,18,BATCHSTART,9/29/2023 3:17:00 AM,VAL-62-52D,,,10000,10000,6000,JA1-62-521,9/29/2023 4:57:00 AM,2023-09-29 03:17:00,2023-09-29 04:57:00
547,ATJ,18,BATCHSTART,9/29/2023 4:57:00 AM,VTL-62-521,,,10000,10000,6000,JA1-62-521,9/29/2023 6:37:00 AM,2023-09-29 04:57:00,2023-09-29 06:37:00
549,ATJ,18,BATCHSTART,9/29/2023 6:37:00 AM,WFS-62-52P,,,2500,2500,6000,JA1-62-521,9/29/2023 7:02:00 AM,2023-09-29 06:37:00,2023-09-29 07:02:00
551,ATJ,18,BATCHSTART,9/29/2023 7:02:00 AM,PCA-62-520,,,7000,7000,6000,JA1-62-521,9/29/2023 8:12:00 AM,2023-09-29 07:02:00,2023-09-29 08:12:00
553,ATJ,18,BATCHSTART,9/29/2023 8:12:00 AM,USO-62-521,,,5000,5000,6000,JA1-62-521,9/29/2023 9:02:00 AM,2023-09-29 08:12:00,2023-09-29 09:02:00
555,ATJ,18,BATCHSTART,9/29/2023 9:02:00 AM,DKS-62-521,,,10000,10000,6000,JA1-62-521,9/29/2023 10:42:00 AM,2023-09-29 09:02:00,2023-09-29 10:42:00
559,ATJ,19,BATCHSTART,9/23/2023 12:18:00 AM,BPO-A3-521,,,40000,40000,4800,JA1-A3-521,9/23/2023 8:38:00 AM,2023-09-23 00:18:00,2023-09-23 08:38:00
561,ATJ,19,BATCHSTART,9/23/2023 8:38:00 AM,CIT-A3-521,,,15000,15000,4800,JA1-A3-521,9/23/2023 11:45:30 AM,2023-09-23 08:38:00,2023-09-23 11:45:30
563,ATJ,19,BATCHSTART,9/23/2023 11:45:30 AM,DKS-A3-521,,,25000,25000,4800,JA1-A3-521,9/23/2023 4:58:00 PM,2023-09-23 11:45:30,2023-09-23 16:58:00
565,ATJ,19,BATCHSTART,9/23/2023 4:58:00 PM,FHR-A3-521,,,5000,5000,4800,JA1-A3-521,9/23/2023 6:00:30 PM,2023-09-23 16:58:00,2023-09-23 18:00:30
567,ATJ,19,BATCHSTART,9/23/2023 6:00:30 PM,MAC-A3-521,,,175000,175000,4800,JA1-A3-521,9/25/2023 6:28:00 AM,2023-09-23 18:00:30,2023-09-25 06:28:00
569,ATJ,19,BATCHSTART,9/25/2023 6:28:00 AM,MOB-A3-521,,,53500,53500,4800,JA1-A3-521,9/25/2023 5:36:45 PM,2023-09-25 06:28:00,2023-09-25 17:36:45
571,ATJ,19,BATCHSTART,9/25/2023 5:36:45 PM,MUC-A3-522,,,30000,30000,4800,JA1-A3-521,9/25/2023 11:51:45 PM,2023-09-25 17:36:45,2023-09-25 23:51:45
573,ATJ,19,BATCHSTART,9/25/2023 11:51:45 PM,MXE-A3-526,,,7500,7500,4800,JA1-A3-521,9/26/2023 1:25:30 AM,2023-09-25 23:51:45,2023-09-26 01:25:30
575,ATJ,19,BATCHSTART,9/26/2023 1:25:30 AM,PHI-A3-521,,,15000,15000,4800,JA1-A3-521,9/26/2023 4:33:00 AM,2023-09-26 01:25:30,2023-09-26 04:33:00
577,ATJ,19,BATCHSTART,9/26/2023 4:33:00 AM,SUN-A3-521,,,2500,2500,4800,JA1-A3-521,9/26/2023 5:04:15 AM,2023-09-26 04:33:00,2023-09-26 05:04:15
579,ATJ,19,BATCHSTART,9/26/2023 5:04:15 AM,TAR-A3-521,,,15000,15000,4800,JA1-A3-521,9/26/2023 8:11:45 AM,2023-09-26 05:04:15,2023-09-26 08:11:45
581,ATJ,19,BATCHSTART,9/26/2023 8:11:45 AM,VAL-A3-52D,,,4000,4000,4800,JA1-A3-521,9/26/2023 9:01:45 AM,2023-09-26 08:11:45,2023-09-26 09:01:45
583,ATJ,19,BATCHSTART,9/26/2023 9:01:45 AM,SHT-A3-52B,,,95000,95000,4800,JA1-A3-521,9/27/2023 4:49:15 AM,2023-09-26 09:01:45,2023-09-27 04:49:15
587,ATJ,19,BATCHSTART,9/27/2023 4:49:15 AM,TAR-M3-521,,,7500,7500,4800,JA1-M3-521,9/27/2023 6:23:00 AM,2023-09-27 04:49:15,2023-09-27 06:23:00
591,ATJ,19,BATCHSTART,9/27/2023 6:23:00 AM,MAC-D3-521,,,25000,25000,4800,JA1-D3-521,9/27/2023 11:35:30 AM,2023-09-27 06:23:00,2023-09-27 11:35:30
593,ATJ,19,BATCHSTART,9/27/2023 11:35:30 AM,MOB-D3-521,,,2500,2500,4800,JA1-D3-521,9/27/2023 12:06:45 PM,2023-09-27 11:35:30,2023-09-27 12:06:45
595,ATJ,19,BATCHSTART,9/27/2023 12:06:45 PM,MUC-D3-522,,,3500,3500,4800,JA1-D3-521,9/27/2023 12:50:30 PM,2023-09-27 12:06:45,2023-09-27 12:50:30
597,ATJ,19,BATCHSTART,9/27/2023 12:50:30 PM,PHI-D3-521,,,5000,5000,4800,JA1-D3-521,9/27/2023 1:53:00 PM,2023-09-27 12:50:30,2023-09-27 13:53:00
599,ATJ,19,BATCHSTART,9/27/2023 1:53:00 PM,BPO-D3-521,,,5000,5000,4800,JA1-D3-521,9/27/2023 2:55:30 PM,2023-09-27 13:53:00,2023-09-27 14:55:30
601,ATJ,19,BATCHSTART,9/27/2023 2:55:30 PM,SHT-D3-52B,,,12500,12500,4800,JA1-D3-521,9/27/2023 5:31:45 PM,2023-09-27 14:55:30,2023-09-27 17:31:45
605,ATJ,20,BATCHSTART,9/28/2023 10:53:15 AM,FGX-96-529,,,500,500,1600,JA1-96-521,9/28/2023 11:12:00 AM,2023-09-28 10:53:15,2023-09-28 11:12:00
609,ATJ,20,BATCHSTART,9/28/2023 11:12:00 AM,AAL-54-521,,,7500,7500,1600,JA1-54-521,9/28/2023 3:53:15 PM,2023-09-28 11:12:00,2023-09-28 15:53:15
611,ATJ,20,BATCHSTART,9/28/2023 3:53:15 PM,BZA-54-521,,,10000,10000,1600,JA1-54-521,9/28/2023 10:08:15 PM,2023-09-28 15:53:15,2023-09-28 22:08:15
613,ATJ,20,BATCHSTART,9/28/2023 10:08:15 PM,ETI-54-521,,,5000,5000,1600,JA1-54-521,9/29/2023 1:15:45 AM,2023-09-28 22:08:15,2023-09-29 01:15:45
615,ATJ,20,BATCHSTART,9/29/2023 1:15:45 AM,SWJ-54-521,,,12500,12500,1600,JA1-54-521,9/29/2023 9:04:30 AM,2023-09-29 01:15:45,2023-09-29 09:04:30
617,ATJ,20,BATCHSTART,9/29/2023 9:04:30 AM,WFS-54-521,,,10000,10000,1600,JA1-54-521,9/29/2023 3:19:30 PM,2023-09-29 09:04:30,2023-09-29 15:19:30
621,ATJ,20,BATCHSTART,9/29/2023 3:19:30 PM,ATL-62-521,,,5000,5000,1600,JA1-62-521,9/29/2023 6:27:00 PM,2023-09-29 15:19:30,2023-09-29 18:27:00
623,ATJ,20,BATCHSTART,9/29/2023 6:27:00 PM,MGC-62-521,,,5000,5000,1600,JA1-62-521,9/29/2023 9:34:30 PM,2023-09-29 18:27:00,2023-09-29 21:34:30
625,ATJ,20,BATCHSTART,9/29/2023 9:34:30 PM,RKO-62-521,,,5000,5000,1600,JA1-62-521,9/30/2023 12:42:00 AM,2023-09-29 21:34:30,2023-09-30 00:42:00
627,ATJ,20,BATCHSTART,9/30/2023 12:42:00 AM,VTL-62-521,,,5000,5000,1600,JA1-62-521,9/30/2023 3:49:30 AM,2023-09-30 00:42:00,2023-09-30 03:49:30
629,ATJ,20,BATCHSTART,9/30/2023 3:49:30 AM,BPO-62-521,,,7500,7500,1600,JA1-62-521,9/30/2023 8:30:45 AM,2023-09-30 03:49:30,2023-09-30 08:30:45
631,ATJ,20,BATCHSTART,9/30/2023 8:30:45 AM,CIT-62-521,,,5000,5000,1600,JA1-62-521,9/30/2023 11:38:15 AM,2023-09-30 08:30:45,2023-09-30 11:38:15
633,ATJ,20,BATCHSTART,9/30/2023 11:38:15 AM,DKS-62-521,,,13500,13500,1600,JA1-62-521,9/30/2023 8:04:30 PM,2023-09-30 11:38:15,2023-09-30 20:04:30
635,ATJ,20,BATCHSTART,9/30/2023 8:04:30 PM,EVA-62-52B,,,20000,20000,1600,JA1-62-521,10/1/2023 8:34:30 AM,2023-09-30 20:04:30,2023-10-01 08:34:30
637,ATJ,20,BATCHSTART,10/1/2023 8:34:30 AM,FHR-62-521,,,5000,5000,1600,JA1-62-521,10/1/2023 11:42:00 AM,2023-10-01 08:34:30,2023-10-01 11:42:00
639,ATJ,20,BATCHSTART,10/1/2023 11:42:00 AM,GPC-62-521,,,15000,15000,1600,JA1-62-521,10/1/2023 9:04:30 PM,2023-10-01 11:42:00,2023-10-01 21:04:30
641,ATJ,20,BATCHSTART,10/1/2023 9:04:30 PM,JWE-62-521,,,10000,10000,1600,JA1-62-521,10/2/2023 3:19:30 AM,2023-10-01 21:04:30,2023-10-02 03:19:30
643,ATJ,20,BATCHSTART,10/2/2023 3:19:30 AM,MAC-62-521,,,12500,12500,1600,JA1-62-521,10/2/2023 11:08:15 AM,2023-10-02 03:19:30,2023-10-02 11:08:15
645,ATJ,20,BATCHSTART,10/2/2023 11:08:15 AM,MFD-62-521,,,5000,5000,1600,JA1-62-521,10/2/2023 2:15:45 PM,2023-10-02 11:08:15,2023-10-02 14:15:45
647,ATJ,20,BATCHSTART,10/2/2023 2:15:45 PM,MOB-62-521,,,10000,10000,1600,JA1-62-521,10/2/2023 8:30:45 PM,2023-10-02 14:15:45,2023-10-02 20:30:45
649,ATJ,20,BATCHSTART,10/2/2023 8:30:45 PM,MUC-62-522,,,7000,7000,1600,JA1-62-521,10/3/2023 12:53:15 AM,2023-10-02 20:30:45,2023-10-03 00:53:15
651,ATJ,20,BATCHSTART,10/3/2023 12:53:15 AM,MUS-62-52A,,,15000,15000,1600,JA1-62-521,10/3/2023 10:15:45 AM,2023-10-03 00:53:15,2023-10-03 10:15:45
653,ATJ,20,BATCHSTART,10/3/2023 10:15:45 AM,MXE-62-521,,,5000,5000,1600,JA1-62-521,10/3/2023 1:23:15 PM,2023-10-03 10:15:45,2023-10-03 13:23:15
655,ATJ,20,BATCHSTART,10/3/2023 1:23:15 PM,PHI-62-521,,,17500,17500,1600,JA1-62-521,10/4/2023 12:19:30 AM,2023-10-03 13:23:15,2023-10-04 00:19:30
657,ATJ,20,BATCHSTART,10/4/2023 12:19:30 AM,PTC-62-521,,,6000,6000,1600,JA1-62-521,10/4/2023 4:04:30 AM,2023-10-04 00:19:30,2023-10-04 04:04:30
659,ATJ,20,BATCHSTART,10/4/2023 4:04:30 AM,QTC-62-521,,,5000,5000,1600,JA1-62-521,10/4/2023 7:12:00 AM,2023-10-04 04:04:30,2023-10-04 07:12:00
661,ATJ,20,BATCHSTART,10/4/2023 7:12:00 AM,SBP-62-521,,,15000,15000,1600,JA1-62-521,10/4/2023 4:34:30 PM,2023-10-04 07:12:00,2023-10-04 16:34:30
663,ATJ,20,BATCHSTART,10/4/2023 4:34:30 PM,SBS-62-521,,,25000,25000,1600,JA1-62-521,10/5/2023 8:12:00 AM,2023-10-04 16:34:30,2023-10-05 08:12:00
665,ATJ,20,BATCHSTART,10/5/2023 8:12:00 AM,SUN-62-521,,,5000,5000,1600,JA1-62-521,10/5/2023 11:19:30 AM,2023-10-05 08:12:00,2023-10-05 11:19:30
667,ATJ,20,BATCHSTART,10/5/2023 11:19:30 AM,SVE-62-521,,,10000,10000,1600,JA1-62-521,10/5/2023 5:34:30 PM,2023-10-05 11:19:30,2023-10-05 17:34:30
669,ATJ,20,BATCHSTART,10/5/2023 5:34:30 PM,TAR-62-521,,,10279,30000,1600,JA1-62-521,10/5/2023 11:59:57 PM,2023-10-05 17:34:30,2023-10-05 23:59:57
673,ATJ,1A,BATCHSTART,9/24/2023 7:12:00 AM,MAC-A3-521,MAC,MAC,54500,55000,2900,JA1-A3-521,9/25/2023 2:00:00 AM,2023-09-24 07:12:00,2023-09-25 02:00:00
677,ATJ,1A,BATCHSTART,9/25/2023 2:00:00 AM,CPT-A3-52A,CPT,CPT,25000,25000,2900,JA1-A3-521,9/25/2023 10:37:00 AM,2023-09-25 02:00:00,2023-09-25 10:37:00
681,ATJ,1A,BATCHSTART,9/25/2023 10:37:00 AM,CPT-A3-52B,CPT,CPT,7500,7500,2900,JA1-A3-521,9/25/2023 1:12:00 PM,2023-09-25 10:37:00,2023-09-25 13:12:00
685,ATJ,1A,BATCHSTART,10/1/2023 10:51:00 AM,CPT-D3-52A,CPT,CPT,7500,7500,2900,JA1-D3-521,10/1/2023 1:26:00 PM,2023-10-01 10:51:00,2023-10-01 13:26:00
689,ATJ,1A,BATCHSTART,10/1/2023 1:26:00 PM,MAC-A3-521,MAC,MAC,500,55000,2900,JA1-A3-521,10/1/2023 1:36:00 PM,2023-10-01 13:26:00,2023-10-01 13:36:00
693,ATJ,1A,BATCHSTART,10/1/2023 1:36:00 PM,MAC-D3-521,MAC,MAC,7500,7500,2900,JA1-D3-521,10/1/2023 4:12:00 PM,2023-10-01 13:36:00,2023-10-01 16:12:00
697,ATJ,2A,BATCHSTART,9/26/2023 7:28:00 PM,MAC-62-521,MAC,MAC,35000,35000,2850,JA1-62-521,9/27/2023 7:45:00 AM,2023-09-26 19:28:00,2023-09-27 07:45:00
701,ATJ,2A,BATCHSTART,9/27/2023 7:45:00 AM,CPT-62-52A,CPT,CPT,7500,7500,2850,JA1-62-521,9/27/2023 10:23:00 AM,2023-09-27 07:45:00,2023-09-27 10:23:00
